Date,Adj Close,Volume,Symbol
2013-11-18,45.77824020385742,587100.0,ALLE
2013-11-19,43.24760055541992,1682000.0,ALLE
2013-11-20,42.16168212890625,1106900.0,ALLE
2013-11-21,41.349613189697266,730200.0,ALLE
2013-11-22,41.53846740722656,947600.0,ALLE
2013-11-25,41.717872619628906,727300.0,ALLE
2013-11-26,40.79249954223633,873700.0,ALLE
2013-11-27,40.830257415771484,1153300.0,ALLE
2013-11-29,40.830257415771484,949900.0,ALLE
2013-12-02,40.7358283996582,5130700.0,ALLE
2013-12-03,40.50922393798828,3239300.0,ALLE
2013-12-04,39.498836517333984,2777700.0,ALLE
2013-12-05,38.76231002807617,3380500.0,ALLE
2013-12-06,38.43181228637695,4662300.0,ALLE
2013-12-09,38.88505554199219,3074000.0,ALLE
2013-12-10,40.18815994262695,3289400.0,ALLE
2013-12-11,40.09371566772461,3367300.0,ALLE
2013-12-12,40.57530212402344,1770500.0,ALLE
2013-12-13,40.83970642089844,683800.0,ALLE
2013-12-16,41.255184173583984,1953900.0,ALLE
2013-12-17,41.31184387207031,1396700.0,ALLE
2013-12-18,41.802860260009766,1225200.0,ALLE
2013-12-19,41.97282791137695,593000.0,ALLE
2013-12-20,41.79341506958008,2878600.0,ALLE
2013-12-23,42.16168212890625,773600.0,ALLE
2013-12-24,42.095584869384766,304700.0,ALLE
2013-12-26,42.20890426635742,513200.0,ALLE
2013-12-27,42.15224075317383,393300.0,ALLE
2013-12-30,41.661216735839844,381500.0,ALLE
2013-12-31,41.727317810058594,874200.0,ALLE
2014-01-02,41.2174072265625,992900.0,ALLE
2014-01-03,41.510135650634766,378400.0,ALLE
2014-01-06,41.24574661254883,597800.0,ALLE
2014-01-07,41.42515182495117,1371300.0,ALLE
2014-01-08,41.43459701538086,1407100.0,ALLE
2014-01-09,41.6706657409668,1093500.0,ALLE
2014-01-10,43.18149185180664,2008600.0,ALLE
2014-01-13,44.418487548828125,2278500.0,ALLE
2014-01-14,45.13613510131836,2338200.0,ALLE
2014-01-15,44.852867126464844,1733000.0,ALLE
2014-01-16,44.7584342956543,1178700.0,ALLE
2014-01-17,45.32499313354492,1572100.0,ALLE
2014-01-21,45.485511779785156,1570400.0,ALLE
2014-01-22,45.80656433105469,682200.0,ALLE
2014-01-23,45.06059646606445,867600.0,ALLE
2014-01-24,44.22963333129883,1417500.0,ALLE
2014-01-27,44.003013610839844,717800.0,ALLE
2014-01-28,45.070037841796875,721700.0,ALLE
2014-01-29,45.11725616455078,800900.0,ALLE
2014-01-30,46.66585159301758,1247100.0,ALLE
2014-01-31,46.599754333496094,2011100.0,ALLE
2014-02-03,44.796199798583984,1184800.0,ALLE
2014-02-04,45.37220001220703,891300.0,ALLE
2014-02-05,44.94728088378906,823100.0,ALLE
2014-02-06,46.495887756347656,1168400.0,ALLE
2014-02-07,47.156883239746094,1837500.0,ALLE
2014-02-10,47.06245040893555,763400.0,ALLE
2014-02-11,47.10966873168945,1446100.0,ALLE
2014-02-12,47.21352767944336,1405300.0,ALLE
2014-02-13,47.326847076416016,695000.0,ALLE
2014-02-14,46.86415100097656,891700.0,ALLE
2014-02-18,47.31739044189453,2748500.0,ALLE
2014-02-19,46.420345306396484,1076100.0,ALLE
2014-02-20,48.64882278442383,2623600.0,ALLE
2014-02-21,49.45145034790039,2198700.0,ALLE
2014-02-24,49.914146423339844,667900.0,ALLE
2014-02-25,51.51940155029297,1117600.0,ALLE
2014-02-26,51.61383819580078,1880100.0,ALLE
2014-02-27,52.265384674072266,1139900.0,ALLE
2014-02-28,51.321102142333984,1198500.0,ALLE
2014-03-03,50.50904083251953,659600.0,ALLE
2014-03-04,50.99061584472656,1189900.0,ALLE
2014-03-05,50.94340133666992,395000.0,ALLE
2014-03-06,50.225746154785156,617400.0,ALLE
2014-03-07,50.41461181640625,776100.0,ALLE
2014-03-10,50.32018280029297,1155300.0,ALLE
2014-03-11,51.462745666503906,874700.0,ALLE
2014-03-12,51.255008697509766,1255500.0,ALLE
2014-03-13,50.687618255615234,946400.0,ALLE
2014-03-14,50.40391540527344,1071800.0,ALLE
2014-03-17,50.08238220214844,1011700.0,ALLE
2014-03-18,50.38500213623047,880800.0,ALLE
2014-03-19,50.38500213623047,645000.0,ALLE
2014-03-20,51.22663497924805,628100.0,ALLE
2014-03-21,50.886192321777344,1356800.0,ALLE
2014-03-24,50.56467819213867,895600.0,ALLE
2014-03-25,50.31880569458008,708000.0,ALLE
2014-03-26,49.21236801147461,691100.0,ALLE
2014-03-27,48.65444564819336,492900.0,ALLE
2014-03-28,49.325843811035156,346100.0,ALLE
2014-03-31,49.335296630859375,334600.0,ALLE
2014-04-01,50.99022674560547,593600.0,ALLE
2014-04-02,51.69947814941406,500500.0,ALLE
2014-04-03,51.96426010131836,427900.0,ALLE
2014-04-04,50.810550689697266,492000.0,ALLE
2014-04-07,48.815189361572266,1054200.0,ALLE
2014-04-08,48.616615295410156,1213700.0,ALLE
2014-04-09,48.70172119140625,1212800.0,ALLE
2014-04-10,47.9262809753418,1488500.0,ALLE
2014-04-11,47.29267120361328,1184600.0,ALLE
2014-04-14,47.06572341918945,605900.0,ALLE
2014-04-15,47.245384216308594,419300.0,ALLE
2014-04-16,47.50072479248047,254000.0,ALLE
2014-04-17,47.42508316040039,427200.0,ALLE
2014-04-21,47.87898254394531,225700.0,ALLE
2014-04-22,48.2288932800293,422500.0,ALLE
2014-04-23,47.66147994995117,507800.0,ALLE
2014-04-24,47.51018142700195,659800.0,ALLE
2014-04-25,46.84822463989258,290300.0,ALLE
2014-04-28,46.16733169555664,605400.0,ALLE
2014-04-29,46.24299240112305,442000.0,ALLE
2014-04-30,46.668540954589844,481100.0,ALLE
2014-05-01,48.465293884277344,722100.0,ALLE
2014-05-02,47.945194244384766,479000.0,ALLE
2014-05-05,47.339962005615234,413800.0,ALLE
2014-05-06,47.179203033447266,596000.0,ALLE
2014-05-07,47.21702575683594,598000.0,ALLE
2014-05-08,46.67799758911133,530600.0,ALLE
2014-05-09,47.28321838378906,489100.0,ALLE
2014-05-12,47.737144470214844,586100.0,ALLE
2014-05-13,47.737144470214844,638700.0,ALLE
2014-05-14,47.08462905883789,470700.0,ALLE
2014-05-15,45.66613006591797,738400.0,ALLE
2014-05-16,46.60234069824219,719500.0,ALLE
2014-05-19,47.481807708740234,653500.0,ALLE
2014-05-20,47.75605010986328,1543600.0,ALLE
2014-05-21,47.95463562011719,338500.0,ALLE
2014-05-22,48.69225311279297,501100.0,ALLE
2014-05-23,49.609554290771484,451800.0,ALLE
2014-05-27,49.619014739990234,331600.0,ALLE
2014-05-28,50.0634765625,523700.0,ALLE
2014-05-29,50.611961364746094,815600.0,ALLE
2014-05-30,49.54335021972656,400300.0,ALLE
2014-06-02,49.24074172973633,646500.0,ALLE
2014-06-03,49.56227493286133,451900.0,ALLE
2014-06-04,50.26206588745117,621100.0,ALLE
2014-06-05,51.35903549194336,608900.0,ALLE
2014-06-06,52.79643630981445,965400.0,ALLE
2014-06-09,53.288185119628906,850400.0,ALLE
2014-06-10,53.64754104614258,618100.0,ALLE
2014-06-11,53.27873611450195,625600.0,ALLE
2014-06-12,53.146148681640625,1780200.0,ALLE
2014-06-13,53.117740631103516,545100.0,ALLE
2014-06-16,54.102630615234375,634300.0,ALLE
2014-06-17,54.21627426147461,1436700.0,ALLE
2014-06-18,54.30149459838867,1901900.0,ALLE
2014-06-19,54.23521041870117,875800.0,ALLE
2014-06-20,54.56665802001953,1265000.0,ALLE
2014-06-23,54.50984573364258,384500.0,ALLE
2014-06-24,53.676475524902344,580300.0,ALLE
2014-06-25,53.685943603515625,503900.0,ALLE
2014-06-26,53.33556365966797,336500.0,ALLE
2014-06-27,52.634765625,1105000.0,ALLE
2014-06-30,53.676475524902344,609900.0,ALLE
2014-07-01,54.036338806152344,424500.0,ALLE
2014-07-02,54.32991027832031,484600.0,ALLE
2014-07-03,54.131046295166016,138700.0,ALLE
2014-07-07,53.07038497924805,274700.0,ALLE
2014-07-08,52.56846618652344,424300.0,ALLE
2014-07-09,52.663169860839844,342800.0,ALLE
2014-07-10,52.6536979675293,496000.0,ALLE
2014-07-11,53.06093215942383,269000.0,ALLE
2014-07-14,53.01356506347656,426400.0,ALLE
2014-07-15,52.663169860839844,306800.0,ALLE
2014-07-16,52.492713928222656,417400.0,ALLE
2014-07-17,51.394187927246094,408600.0,ALLE
2014-07-18,51.9813232421875,300700.0,ALLE
2014-07-21,51.858219146728516,265900.0,ALLE
2014-07-22,51.99079513549805,242000.0,ALLE
2014-07-23,51.56465148925781,362800.0,ALLE
2014-07-24,52.05709457397461,412400.0,ALLE
2014-07-25,52.18020248413086,473700.0,ALLE
2014-07-28,50.731285095214844,513200.0,ALLE
2014-07-29,49.67062759399414,582000.0,ALLE
2014-07-30,50.81651306152344,799300.0,ALLE
2014-07-31,48.704681396484375,1583400.0,ALLE
2014-08-01,47.691368103027344,903900.0,ALLE
2014-08-04,47.46409606933594,956900.0,ALLE
2014-08-05,47.729251861572266,668400.0,ALLE
2014-08-06,47.46409606933594,1078300.0,ALLE
2014-08-07,47.22734069824219,622300.0,ALLE
2014-08-08,47.92812728881836,850400.0,ALLE
2014-08-11,47.691368103027344,342200.0,ALLE
2014-08-12,48.25958251953125,712200.0,ALLE
2014-08-13,49.47175979614258,708300.0,ALLE
2014-08-14,49.263404846191406,626600.0,ALLE
2014-08-15,49.49069595336914,755500.0,ALLE
2014-08-18,49.850563049316406,325400.0,ALLE
2014-08-19,49.82215118408203,513600.0,ALLE
2014-08-20,49.73692321777344,332400.0,ALLE
2014-08-21,49.37705993652344,249600.0,ALLE
2014-08-22,49.21607208251953,399800.0,ALLE
2014-08-25,49.689571380615234,276100.0,ALLE
2014-08-26,49.60433578491211,291400.0,ALLE
2014-08-27,49.25394058227539,281200.0,ALLE
2014-08-28,48.818321228027344,438400.0,ALLE
2014-08-29,48.704681396484375,372000.0,ALLE
2014-09-02,49.500160217285156,661900.0,ALLE
2014-09-03,49.424400329589844,393900.0,ALLE
2014-09-04,49.55699157714844,411300.0,ALLE
2014-09-05,49.69904327392578,517700.0,ALLE
2014-09-08,49.45281219482422,477300.0,ALLE
2014-09-09,48.99825668334961,533300.0,ALLE
2014-09-10,49.19712448120117,620400.0,ALLE
2014-09-11,49.301307678222656,472200.0,ALLE
2014-09-12,48.248497009277344,811300.0,ALLE
2014-09-15,48.182098388671875,818700.0,ALLE
2014-09-16,48.46664047241211,671700.0,ALLE
2014-09-17,48.428707122802734,610400.0,ALLE
2014-09-18,48.011375427246094,551200.0,ALLE
2014-09-19,47.29054260253906,1925100.0,ALLE
2014-09-22,46.664554595947266,829600.0,ALLE
2014-09-23,46.39898681640625,760000.0,ALLE
2014-09-24,46.47486114501953,470900.0,ALLE
2014-09-25,45.72557830810547,604800.0,ALLE
2014-09-26,45.905784606933594,664800.0,ALLE
2014-09-29,45.526397705078125,900800.0,ALLE
2014-09-30,45.184940338134766,1371500.0,ALLE
2014-10-01,45.30824661254883,1083800.0,ALLE
2014-10-02,45.403099060058594,2127100.0,ALLE
2014-10-03,46.607635498046875,968600.0,ALLE
2014-10-06,46.08598709106445,750300.0,ALLE
2014-10-07,44.189064025878906,691600.0,ALLE
2014-10-08,44.80555725097656,1061700.0,ALLE
2014-10-09,44.29338836669922,617300.0,ALLE
2014-10-10,43.866573333740234,776400.0,ALLE
2014-10-13,42.984500885009766,824500.0,ALLE
2014-10-14,42.73789978027344,976900.0,ALLE
2014-10-15,43.36388397216797,1284600.0,ALLE
2014-10-16,43.94246292114258,696500.0,ALLE
2014-10-17,44.3408088684082,756800.0,ALLE
2014-10-20,44.48307800292969,602400.0,ALLE
2014-10-21,45.74454116821289,657200.0,ALLE
2014-10-22,44.67277145385742,696000.0,ALLE
2014-10-23,45.95320510864258,733300.0,ALLE
2014-10-24,46.58867645263672,414700.0,ALLE
2014-10-27,46.61712646484375,584000.0,ALLE
2014-10-28,47.61301803588867,730600.0,ALLE
2014-10-29,47.69837951660156,1184500.0,ALLE
2014-10-30,49.927284240722656,1203500.0,ALLE
2014-10-31,50.35409164428711,2535400.0,ALLE
2014-11-03,50.676570892333984,811100.0,ALLE
2014-11-04,50.382545471191406,1120800.0,ALLE
2014-11-05,50.3161506652832,539900.0,ALLE
2014-11-06,50.667083740234375,1041500.0,ALLE
2014-11-07,50.23079299926758,1249500.0,ALLE
2014-11-10,49.96522521972656,562600.0,ALLE
2014-11-11,49.813472747802734,582100.0,ALLE
2014-11-12,49.79449462890625,631100.0,ALLE
2014-11-13,49.4340705871582,375500.0,ALLE
2014-11-14,49.57634735107422,372900.0,ALLE
2014-11-17,50.116973876953125,529600.0,ALLE
2014-11-18,51.093894958496094,629300.0,ALLE
2014-11-19,51.21719741821289,758000.0,ALLE
2014-11-20,51.30255889892578,220800.0,ALLE
2014-11-21,51.40688705444336,488700.0,ALLE
2014-11-24,51.16977310180664,482200.0,ALLE
2014-11-25,50.809364318847656,453300.0,ALLE
2014-11-26,50.32564926147461,537700.0,ALLE
2014-11-28,51.07491683959961,343200.0,ALLE
2014-12-01,50.932655334472656,467000.0,ALLE
2014-12-02,51.55864334106445,316000.0,ALLE
2014-12-03,51.87163543701172,1397500.0,ALLE
2014-12-04,51.776790618896484,570900.0,ALLE
2014-12-05,52.68731689453125,861100.0,ALLE
2014-12-08,52.08029556274414,601500.0,ALLE
2014-12-09,52.16566848754883,423800.0,ALLE
2014-12-10,51.359466552734375,464300.0,ALLE
2014-12-11,51.39739990234375,394800.0,ALLE
2014-12-12,51.11244201660156,592700.0,ALLE
2014-12-15,51.007957458496094,452600.0,ALLE
2014-12-16,50.751495361328125,1016300.0,ALLE
2014-12-17,51.39739990234375,418500.0,ALLE
2014-12-18,52.19529342651367,504700.0,ALLE
2014-12-19,52.23329162597656,686900.0,ALLE
2014-12-22,52.82219696044922,277900.0,ALLE
2014-12-23,52.888702392578125,362700.0,ALLE
2014-12-24,52.936187744140625,134000.0,ALLE
2014-12-26,52.860206604003906,193000.0,ALLE
2014-12-29,53.107173919677734,340600.0,ALLE
2014-12-30,52.86969757080078,448600.0,ALLE
2014-12-31,52.679718017578125,564100.0,ALLE
2015-01-02,52.290279388427734,668800.0,ALLE
2015-01-05,52.185794830322266,534600.0,ALLE
2015-01-06,52.10030746459961,1337500.0,ALLE
2015-01-07,52.812713623046875,718400.0,ALLE
2015-01-08,53.52511215209961,893900.0,ALLE
2015-01-09,53.07867431640625,541000.0,ALLE
2015-01-12,52.23329162597656,336600.0,ALLE
2015-01-13,52.33778381347656,520200.0,ALLE
2015-01-14,52.55625534057617,544200.0,ALLE
2015-01-15,51.10294723510742,1114300.0,ALLE
2015-01-16,50.69450378417969,2678200.0,ALLE
2015-01-20,50.14358139038086,1137400.0,ALLE
2015-01-21,50.267051696777344,1614200.0,ALLE
2015-01-22,51.63487243652344,894200.0,ALLE
2015-01-23,51.74885559082031,403700.0,ALLE
2015-01-26,51.207435607910156,702600.0,ALLE
2015-01-27,51.10294723510742,476800.0,ALLE
2015-01-28,51.625370025634766,695100.0,ALLE
2015-01-29,52.0433235168457,456600.0,ALLE
2015-01-30,51.30241775512695,591800.0,ALLE
2015-02-02,51.758358001708984,1213600.0,ALLE
2015-02-03,52.290279388427734,429400.0,ALLE
2015-02-04,52.8411979675293,578300.0,ALLE
2015-02-05,54.14251708984375,627800.0,ALLE
2015-02-06,54.664955139160156,977400.0,ALLE
2015-02-09,54.057037353515625,730300.0,ALLE
2015-02-10,54.02854537963867,527400.0,ALLE
2015-02-11,53.876564025878906,860000.0,ALLE
2015-02-12,54.864437103271484,723800.0,ALLE
2015-02-13,55.71931076049805,746300.0,ALLE
2015-02-17,55.62431716918945,1336700.0,ALLE
2015-02-18,53.192657470703125,1721100.0,ALLE
2015-02-19,54.7314338684082,1670200.0,ALLE
2015-02-20,55.662315368652344,980200.0,ALLE
2015-02-23,55.41534423828125,769700.0,ALLE
2015-02-24,55.47234344482422,526600.0,ALLE
2015-02-25,55.61481857299805,626000.0,ALLE
2015-02-26,55.367855072021484,507200.0,ALLE
2015-02-27,54.83592224121094,342900.0,ALLE
2015-03-02,55.87128448486328,694300.0,ALLE
2015-03-03,55.56732940673828,612000.0,ALLE
2015-03-04,55.51984405517578,940000.0,ALLE
2015-03-05,55.19688034057617,480000.0,ALLE
2015-03-06,54.569969177246094,413900.0,ALLE
2015-03-09,55.0828971862793,342800.0,ALLE
2015-03-10,54.72193908691406,491100.0,ALLE
2015-03-11,55.006900787353516,559900.0,ALLE
2015-03-12,55.47234344482422,420900.0,ALLE
2015-03-13,55.33912658691406,562300.0,ALLE
2015-03-16,55.890995025634766,494300.0,ALLE
2015-03-17,55.51039505004883,446100.0,ALLE
2015-03-18,56.93764877319336,634800.0,ALLE
2015-03-19,57.099395751953125,599900.0,ALLE
2015-03-20,58.174598693847656,923000.0,ALLE
2015-03-23,57.94622802734375,685900.0,ALLE
2015-03-24,57.94622802734375,529500.0,ALLE
2015-03-25,57.384857177734375,652900.0,ALLE
2015-03-26,57.57514572143555,554100.0,ALLE
2015-03-27,58.26022720336914,912800.0,ALLE
2015-03-30,58.907249450683594,457400.0,ALLE
2015-03-31,58.20314407348633,428200.0,ALLE
2015-04-01,58.11750793457031,443500.0,ALLE
2015-04-02,58.46955490112305,275700.0,ALLE
2015-04-06,58.65986251831055,653400.0,ALLE
2015-04-07,58.583740234375,398800.0,ALLE
2015-04-08,58.69791793823242,512100.0,ALLE
2015-04-09,58.460044860839844,425500.0,ALLE
2015-04-10,58.26974868774414,559800.0,ALLE
2015-04-13,57.35630798339844,438800.0,ALLE
2015-04-14,57.061336517333984,681000.0,ALLE
2015-04-15,57.556129455566406,443500.0,ALLE
2015-04-16,57.242122650146484,350400.0,ALLE
2015-04-17,56.23353958129883,462000.0,ALLE
2015-04-20,56.433353424072266,403300.0,ALLE
2015-04-21,56.90909194946289,326600.0,ALLE
2015-04-22,57.43242645263672,485400.0,ALLE
2015-04-23,56.84250259399414,1013000.0,ALLE
2015-04-24,58.00332260131836,873500.0,ALLE
2015-04-27,57.65127182006836,793100.0,ALLE
2015-04-28,57.86061096191406,950300.0,ALLE
2015-04-29,57.61320495605469,560600.0,ALLE
2015-04-30,58.18411636352539,2075800.0,ALLE
2015-05-01,58.46955490112305,1464200.0,ALLE
2015-05-04,59.23075485229492,672200.0,ALLE
2015-05-05,58.51713562011719,577100.0,ALLE
2015-05-06,58.30780029296875,531600.0,ALLE
2015-05-07,58.50761795043945,1243500.0,ALLE
2015-05-08,59.354454040527344,874400.0,ALLE
2015-05-11,60.11565399169922,1367300.0,ALLE
2015-05-12,58.78355026245117,565200.0,ALLE
2015-05-13,58.7454948425293,621200.0,ALLE
2015-05-14,58.869178771972656,587900.0,ALLE
2015-05-15,58.793067932128906,890700.0,ALLE
2015-05-18,58.88821792602539,691200.0,ALLE
2015-05-19,58.831138610839844,546400.0,ALLE
2015-05-20,58.555198669433594,480700.0,ALLE
2015-05-21,58.4219856262207,579900.0,ALLE
2015-05-22,58.28877258300781,252700.0,ALLE
2015-05-26,57.93671417236328,375400.0,ALLE
2015-05-27,58.82161331176758,286200.0,ALLE
2015-05-28,58.935794830322266,376200.0,ALLE
2015-05-29,59.41154479980469,675900.0,ALLE
2015-06-01,59.030948638916016,357600.0,ALLE
2015-06-02,59.36396789550781,271400.0,ALLE
2015-06-03,59.763607025146484,458300.0,ALLE
2015-06-04,58.831138610839844,223800.0,ALLE
2015-06-05,58.897735595703125,314300.0,ALLE
2015-06-08,58.4219856262207,235000.0,ALLE
2015-06-09,57.993812561035156,415300.0,ALLE
2015-06-10,58.63131332397461,336000.0,ALLE
2015-06-11,58.65986251831055,344900.0,ALLE
2015-06-12,58.230987548828125,276600.0,ALLE
2015-06-15,58.00225830078125,431300.0,ALLE
2015-06-16,57.76400375366211,320500.0,ALLE
2015-06-17,58.29770278930664,352200.0,ALLE
2015-06-18,58.52643966674805,335800.0,ALLE
2015-06-19,58.77423095703125,647000.0,ALLE
2015-06-22,59.16497039794922,275300.0,ALLE
2015-06-23,59.16497039794922,425800.0,ALLE
2015-06-24,59.136390686035156,508700.0,ALLE
2015-06-25,58.83140563964844,229700.0,ALLE
2015-06-26,58.736106872558594,256900.0,ALLE
2015-06-29,57.08734130859375,525600.0,ALLE
2015-06-30,57.316070556640625,617900.0,ALLE
2015-07-01,57.38277816772461,612300.0,ALLE
2015-07-02,56.963443756103516,308500.0,ALLE
2015-07-06,56.763301849365234,340900.0,ALLE
2015-07-07,56.84907150268555,876400.0,ALLE
2015-07-08,55.73402404785156,477200.0,ALLE
2015-07-09,56.41067886352539,593100.0,ALLE
2015-07-10,57.439971923828125,753800.0,ALLE
2015-07-13,58.126155853271484,615200.0,ALLE
2015-07-14,58.63127517700195,361700.0,ALLE
2015-07-15,58.03083801269531,453100.0,ALLE
2015-07-16,58.393001556396484,339400.0,ALLE
2015-07-17,58.50737380981445,787000.0,ALLE
2015-07-20,58.77423095703125,309300.0,ALLE
2015-07-21,57.96414566040039,355500.0,ALLE
2015-07-22,58.20238494873047,376400.0,ALLE
2015-07-23,58.211936950683594,572900.0,ALLE
2015-07-24,58.54549026489258,728400.0,ALLE
2015-07-27,58.32630157470703,1057600.0,ALLE
2015-07-28,59.46041488647461,966300.0,ALLE
2015-07-29,60.75655746459961,805300.0,ALLE
2015-07-30,60.232383728027344,1392300.0,ALLE
2015-07-31,60.25144958496094,646600.0,ALLE
2015-08-03,59.746334075927734,543400.0,ALLE
2015-08-04,59.689144134521484,429500.0,ALLE
2015-08-05,59.92741394042969,551100.0,ALLE
2015-08-06,59.365116119384766,428500.0,ALLE
2015-08-07,59.72726821899414,398200.0,ALLE
2015-08-10,60.4039306640625,304900.0,ALLE
2015-08-11,60.19425582885742,320100.0,ALLE
2015-08-12,60.10848617553711,392400.0,ALLE
2015-08-13,60.31816101074219,325200.0,ALLE
2015-08-14,60.61359786987305,157800.0,ALLE
2015-08-17,61.64288330078125,445200.0,ALLE
2015-08-18,61.538055419921875,634000.0,ALLE
2015-08-19,61.214019775390625,458800.0,ALLE
2015-08-20,59.660560607910156,667200.0,ALLE
2015-08-21,57.5447998046875,469200.0,ALLE
2015-08-24,55.81025314331055,1387800.0,ALLE
2015-08-25,54.275856018066406,932100.0,ALLE
2015-08-26,56.2486572265625,986000.0,ALLE
2015-08-27,57.6686897277832,680100.0,ALLE
2015-08-28,57.439971923828125,619300.0,ALLE
2015-08-31,56.81095504760742,400300.0,ALLE
2015-09-01,55.81025314331055,755700.0,ALLE
2015-09-02,56.53457260131836,346100.0,ALLE
2015-09-03,56.98249816894531,569200.0,ALLE
2015-09-04,55.96274948120117,421400.0,ALLE
2015-09-08,57.52573776245117,301200.0,ALLE
2015-09-09,57.37325668334961,613500.0,ALLE
2015-09-10,57.46855926513672,426200.0,ALLE
2015-09-11,57.78306579589844,271500.0,ALLE
2015-09-14,57.96443176269531,385100.0,ALLE
2015-09-15,58.84268569946289,397600.0,ALLE
2015-09-16,59.00497055053711,422600.0,ALLE
2015-09-17,59.22452926635742,550700.0,ALLE
2015-09-18,58.346282958984375,761800.0,ALLE
2015-09-21,58.91905212402344,396900.0,ALLE
2015-09-22,57.63031768798828,394300.0,ALLE
2015-09-23,57.84033966064453,474600.0,ALLE
2015-09-24,57.448944091796875,304800.0,ALLE
2015-09-25,56.933448791503906,570300.0,ALLE
2015-09-28,54.66145706176758,695400.0,ALLE
2015-09-29,53.52545928955078,639400.0,ALLE
2015-09-30,55.043304443359375,575300.0,ALLE
2015-10-01,55.90245056152344,704800.0,ALLE
2015-10-02,55.44424819946289,692600.0,ALLE
2015-10-05,56.33203125,514900.0,ALLE
2015-10-06,55.988372802734375,600700.0,ALLE
2015-10-07,56.933448791503906,617300.0,ALLE
2015-10-08,57.02891540527344,518600.0,ALLE
2015-10-09,56.96207046508789,500600.0,ALLE
2015-10-12,56.45613098144531,421300.0,ALLE
2015-10-13,56.188846588134766,531400.0,ALLE
2015-10-14,56.16020965576172,630000.0,ALLE
2015-10-15,57.60167694091797,745700.0,ALLE
2015-10-16,57.58259582519531,697000.0,ALLE
2015-10-19,57.258018493652344,513500.0,ALLE
2015-10-20,59.17680740356445,924500.0,ALLE
2015-10-21,58.48946762084961,384300.0,ALLE
2015-10-22,61.095584869384766,1248300.0,ALLE
2015-10-23,60.83784103393555,1077000.0,ALLE
2015-10-26,61.16239929199219,436500.0,ALLE
2015-10-27,61.57289505004883,1020500.0,ALLE
2015-10-28,62.241111755371094,1158000.0,ALLE
2015-10-29,61.58243942260742,1801600.0,ALLE
2015-10-30,62.21249008178711,1029100.0,ALLE
2015-11-02,63.720802307128906,936900.0,ALLE
2015-11-03,62.3652229309082,877300.0,ALLE
2015-11-04,61.76380157470703,1181900.0,ALLE
2015-11-05,61.24831771850586,1010500.0,ALLE
2015-11-06,61.35332489013672,855900.0,ALLE
2015-11-09,60.79011154174805,782700.0,ALLE
2015-11-10,60.45599365234375,839500.0,ALLE
2015-11-11,62.05976104736328,747400.0,ALLE
2015-11-12,61.74472427368164,1038300.0,ALLE
2015-11-13,60.799652099609375,650300.0,ALLE
2015-11-16,61.78291320800781,778000.0,ALLE
2015-11-17,61.6588134765625,846200.0,ALLE
2015-11-18,62.861629486083984,1059700.0,ALLE
2015-11-19,63.653953552246094,1700800.0,ALLE
2015-11-20,63.491695404052734,2377900.0,ALLE
2015-11-23,62.70889663696289,777600.0,ALLE
2015-11-24,62.22202682495117,988900.0,ALLE
2015-11-25,63.38666534423828,634300.0,ALLE
2015-11-27,64.08354187011719,274600.0,ALLE
2015-11-30,64.15990447998047,1311700.0,ALLE
2015-12-01,64.94268798828125,899000.0,ALLE
2015-12-02,64.25537872314453,643400.0,ALLE
2015-12-03,63.10028076171875,578200.0,ALLE
2015-12-04,64.07398223876953,660700.0,ALLE
2015-12-07,63.37711715698242,534400.0,ALLE
2015-12-08,62.861629486083984,464800.0,ALLE
2015-12-09,62.22202682495117,577500.0,ALLE
2015-12-10,62.422508239746094,571200.0,ALLE
2015-12-11,61.6588134765625,518200.0,ALLE
2015-12-14,62.06037521362305,813000.0,ALLE
2015-12-15,62.55754852294922,582000.0,ALLE
2015-12-16,63.54231643676758,611200.0,ALLE
2015-12-17,62.739200592041016,586400.0,ALLE
2015-12-18,61.81178665161133,1609900.0,ALLE
2015-12-21,61.916954040527344,459400.0,ALLE
2015-12-22,62.30895233154297,443500.0,ALLE
2015-12-23,62.930397033691406,313400.0,ALLE
2015-12-24,62.7296257019043,114200.0,ALLE
2015-12-28,63.39890670776367,303800.0,ALLE
2015-12-29,64.02034759521484,475300.0,ALLE
2015-12-30,63.68574523925781,309900.0,ALLE
2015-12-31,63.02602005004883,310900.0,ALLE
2016-01-04,61.697052001953125,845000.0,ALLE
2016-01-05,61.630126953125,525600.0,ALLE
2016-01-06,60.014320373535156,505500.0,ALLE
2016-01-07,58.283782958984375,613600.0,ALLE
2016-01-08,57.146026611328125,675700.0,ALLE
2016-01-11,56.87831115722656,562700.0,ALLE
2016-01-12,57.471107482910156,521100.0,ALLE
2016-01-13,56.22816467285156,513400.0,ALLE
2016-01-14,57.58582305908203,929400.0,ALLE
2016-01-15,56.103878021240234,1231500.0,ALLE
2016-01-19,55.46329116821289,1000000.0,ALLE
2016-01-20,54.8896369934082,1355200.0,ALLE
2016-01-21,54.69841766357422,1152600.0,ALLE
2016-01-22,57.32767868041992,1086900.0,ALLE
2016-01-25,56.59148025512695,1114700.0,ALLE
2016-01-26,57.30855941772461,638000.0,ALLE
2016-01-27,57.10776901245117,711800.0,ALLE
2016-01-28,56.62016296386719,668100.0,ALLE
2016-01-29,57.90134048461914,677700.0,ALLE
2016-02-01,57.796173095703125,982600.0,ALLE
2016-02-02,56.151676177978516,1217300.0,ALLE
2016-02-03,56.77314758300781,897500.0,ALLE
2016-02-04,57.17470932006836,542800.0,ALLE
2016-02-05,53.79967498779297,1627200.0,ALLE
2016-02-08,51.409427642822266,2161000.0,ALLE
2016-02-09,51.89704132080078,1425700.0,ALLE
2016-02-10,52.442020416259766,1245900.0,ALLE
2016-02-11,54.24905014038086,2540800.0,ALLE
2016-02-12,54.97568130493164,1869100.0,ALLE
2016-02-16,55.93177795410156,1177600.0,ALLE
2016-02-17,56.22816467285156,1186300.0,ALLE
2016-02-18,56.01782989501953,987300.0,ALLE
2016-02-19,56.18035125732422,2485200.0,ALLE
2016-02-22,58.38895034790039,988400.0,ALLE
2016-02-23,58.42719650268555,742900.0,ALLE
2016-02-24,59.880462646484375,1014800.0,ALLE
2016-02-25,60.99909973144531,912100.0,ALLE
2016-02-26,61.07558822631836,748800.0,ALLE
2016-02-29,60.23421859741211,1127900.0,ALLE
2016-03-01,61.983882904052734,1140800.0,ALLE
2016-03-02,61.802223205566406,674000.0,ALLE
2016-03-03,61.99345016479492,695300.0,ALLE
2016-03-04,61.132957458496094,836800.0,ALLE
2016-03-07,60.702720642089844,913100.0,ALLE
2016-03-08,60.186424255371094,972300.0,ALLE
2016-03-09,60.5401725769043,479000.0,ALLE
2016-03-10,60.32982635498047,579400.0,ALLE
2016-03-11,60.9512939453125,440100.0,ALLE
2016-03-14,61.468570709228516,569500.0,ALLE
2016-03-15,60.960880279541016,463000.0,ALLE
2016-03-16,61.07582473754883,486900.0,ALLE
2016-03-17,61.6601448059082,596200.0,ALLE
2016-03-18,61.84215545654297,865700.0,ALLE
2016-03-21,61.77510070800781,701500.0,ALLE
2016-03-22,61.516456604003906,536600.0,ALLE
2016-03-23,60.69267272949219,454600.0,ALLE
2016-03-24,60.481929779052734,448100.0,ALLE
2016-03-28,60.702232360839844,313000.0,ALLE
2016-03-29,60.960880279541016,589800.0,ALLE
2016-03-30,61.15245056152344,471100.0,ALLE
2016-03-31,61.02792739868164,521100.0,ALLE
2016-04-01,62.62761688232422,933700.0,ALLE
2016-04-04,62.129520416259766,453800.0,ALLE
2016-04-05,61.976253509521484,979000.0,ALLE
2016-04-06,63.422672271728516,1143800.0,ALLE
2016-04-07,61.27698516845703,1018900.0,ALLE
2016-04-08,61.363197326660156,429400.0,ALLE
2016-04-11,60.74055480957031,577400.0,ALLE
2016-04-12,60.74055480957031,574200.0,ALLE
2016-04-13,61.57392883300781,746400.0,ALLE
2016-04-14,61.018348693847656,463400.0,ALLE
2016-04-15,61.085411071777344,340100.0,ALLE
2016-04-18,61.545196533203125,315900.0,ALLE
2016-04-19,61.19078063964844,457700.0,ALLE
2016-04-20,61.219512939453125,350900.0,ALLE
2016-04-21,60.577720642089844,359500.0,ALLE
2016-04-22,61.535606384277344,557300.0,ALLE
2016-04-25,61.976253509521484,534200.0,ALLE
2016-04-26,62.90541076660156,778800.0,ALLE
2016-04-27,64.01658630371094,994100.0,ALLE
2016-04-28,62.493507385253906,1756700.0,ALLE
2016-04-29,62.69468307495117,958100.0,ALLE
2016-05-02,63.70048141479492,993300.0,ALLE
2016-05-03,62.92456817626953,822800.0,ALLE
2016-05-04,62.70427322387695,539000.0,ALLE
2016-05-05,62.6180419921875,769500.0,ALLE
2016-05-06,63.231109619140625,372400.0,ALLE
2016-05-09,63.38437271118164,441700.0,ALLE
2016-05-10,64.1219482421875,327500.0,ALLE
2016-05-11,63.1640510559082,283900.0,ALLE
2016-05-12,63.3460578918457,306900.0,ALLE
2016-05-13,63.231109619140625,542600.0,ALLE
2016-05-16,63.54720687866211,476100.0,ALLE
2016-05-17,64.01658630371094,1042100.0,ALLE
2016-05-18,64.35185241699219,720400.0,ALLE
2016-05-19,64.3805923461914,1227900.0,ALLE
2016-05-20,64.52427673339844,583100.0,ALLE
2016-05-23,64.39016723632812,447400.0,ALLE
2016-05-24,65.25228881835938,504500.0,ALLE
2016-05-25,65.08943176269531,824900.0,ALLE
2016-05-26,64.87870788574219,332000.0,ALLE
2016-05-27,65.12776947021484,425500.0,ALLE
2016-05-31,64.79248046875,563700.0,ALLE
2016-06-01,65.3193359375,638100.0,ALLE
2016-06-02,65.26185607910156,575400.0,ALLE
2016-06-03,65.03195190429688,333500.0,ALLE
2016-06-06,65.0415267944336,447700.0,ALLE
2016-06-07,64.89786529541016,596600.0,ALLE
2016-06-08,66.10481262207031,715400.0,ALLE
2016-06-09,66.0760726928711,441900.0,ALLE
2016-06-10,65.05110931396484,589100.0,ALLE
2016-06-13,64.76325225830078,664700.0,ALLE
2016-06-14,64.8975830078125,557100.0,ALLE
2016-06-15,65.40615844726562,701500.0,ALLE
2016-06-16,65.44454956054688,703900.0,ALLE
2016-06-17,64.95516204833984,511300.0,ALLE
2016-06-20,66.16423034667969,351200.0,ALLE
2016-06-21,66.2314224243164,587500.0,ALLE
2016-06-22,66.05867767333984,484800.0,ALLE
2016-06-23,66.45213317871094,419700.0,ALLE
2016-06-24,63.06474685668945,1093700.0,ALLE
2016-06-27,61.433433532714844,1188000.0,ALLE
2016-06-28,63.72687530517578,857600.0,ALLE
2016-06-29,65.26224517822266,961500.0,ALLE
2016-06-30,66.6248550415039,578300.0,ALLE
2016-07-01,66.02031707763672,775000.0,ALLE
2016-07-05,65.26224517822266,455800.0,ALLE
2016-07-06,65.50212097167969,980800.0,ALLE
2016-07-07,65.86677551269531,333100.0,ALLE
2016-07-08,66.92233276367188,386400.0,ALLE
2016-07-11,67.10466003417969,501800.0,ALLE
2016-07-12,67.68042755126953,427700.0,ALLE
2016-07-13,67.59405517578125,331600.0,ALLE
2016-07-14,68.14102172851562,462500.0,ALLE
2016-07-15,68.46727752685547,363000.0,ALLE
2016-07-18,68.0738525390625,291400.0,ALLE
2016-07-19,68.93749237060547,802400.0,ALLE
2016-07-20,69.0238265991211,317900.0,ALLE
2016-07-21,68.66879272460938,255000.0,ALLE
2016-07-22,69.41728210449219,471000.0,ALLE
2016-07-25,68.96629333496094,389800.0,ALLE
2016-07-26,69.53242492675781,579300.0,ALLE
2016-07-27,68.97586822509766,758600.0,ALLE
2016-07-28,69.83950805664062,841100.0,ALLE
2016-07-29,69.46527862548828,961500.0,ALLE
2016-08-01,69.47486877441406,632700.0,ALLE
2016-08-02,68.7935562133789,618300.0,ALLE
2016-08-03,68.17939758300781,720700.0,ALLE
2016-08-04,68.13142395019531,658500.0,ALLE
2016-08-05,68.52486419677734,650800.0,ALLE
2016-08-08,68.11223602294922,672500.0,ALLE
2016-08-09,68.42888641357422,716100.0,ALLE
2016-08-10,68.46727752685547,485200.0,ALLE
2016-08-11,68.90869140625,490000.0,ALLE
2016-08-12,69.42687225341797,598100.0,ALLE
2016-08-15,69.87789154052734,602800.0,ALLE
2016-08-16,69.31173706054688,402000.0,ALLE
2016-08-17,68.76476287841797,597800.0,ALLE
2016-08-18,68.98546600341797,283400.0,ALLE
2016-08-19,68.40010833740234,546800.0,ALLE
2016-08-22,69.00466918945312,624900.0,ALLE
2016-08-23,69.26374816894531,390100.0,ALLE
2016-08-24,68.89911651611328,483800.0,ALLE
2016-08-25,69.17737579345703,309800.0,ALLE
2016-08-26,68.68800354003906,308500.0,ALLE
2016-08-29,69.18696594238281,354700.0,ALLE
2016-08-30,68.38092803955078,450500.0,ALLE
2016-08-31,68.3425521850586,573900.0,ALLE
2016-09-01,68.93749237060547,534400.0,ALLE
2016-09-02,69.46527862548828,420400.0,ALLE
2016-09-06,69.158203125,329300.0,ALLE
2016-09-07,68.02586364746094,757300.0,ALLE
2016-09-08,67.05668640136719,515800.0,ALLE
2016-09-09,64.1299057006836,951400.0,ALLE
2016-09-12,64.65769958496094,1185200.0,ALLE
2016-09-13,64.00399017333984,620800.0,ALLE
2016-09-14,63.53295135498047,749300.0,ALLE
2016-09-15,64.2635269165039,1714800.0,ALLE
2016-09-16,63.686763763427734,989800.0,ALLE
2016-09-19,64.76344299316406,1088100.0,ALLE
2016-09-20,64.75382232666016,494300.0,ALLE
2016-09-21,65.2536849975586,508900.0,ALLE
2016-09-22,66.37841033935547,725900.0,ALLE
2016-09-23,66.01313018798828,340600.0,ALLE
2016-09-26,65.60936737060547,204100.0,ALLE
2016-09-27,66.27268981933594,279700.0,ALLE
2016-09-28,66.72450256347656,366000.0,ALLE
2016-09-29,65.6189956665039,671200.0,ALLE
2016-09-30,66.24385070800781,1014700.0,ALLE
2016-10-03,65.53247833251953,646800.0,ALLE
2016-10-04,64.7730484008789,601700.0,ALLE
2016-10-05,64.93647003173828,854600.0,ALLE
2016-10-06,65.32098388671875,488900.0,ALLE
2016-10-07,64.29237365722656,642000.0,ALLE
2016-10-10,64.67691040039062,591400.0,ALLE
2016-10-11,63.66753387451172,686100.0,ALLE
2016-10-12,64.43656158447266,510100.0,ALLE
2016-10-13,63.96553039550781,296100.0,ALLE
2016-10-14,65.07105255126953,839700.0,ALLE
2016-10-17,65.6958999633789,690500.0,ALLE
2016-10-18,65.27291870117188,632600.0,ALLE
2016-10-19,64.5999984741211,613900.0,ALLE
2016-10-20,64.67691040039062,551600.0,ALLE
2016-10-21,64.58077239990234,759300.0,ALLE
2016-10-24,65.13834381103516,619000.0,ALLE
2016-10-25,62.98500442504883,822000.0,ALLE
2016-10-26,63.05229187011719,1537000.0,ALLE
2016-10-27,60.408695220947266,2817500.0,ALLE
2016-10-28,61.12968063354492,1198500.0,ALLE
2016-10-31,61.37000274658203,1601000.0,ALLE
2016-11-01,61.00470733642578,2094600.0,ALLE
2016-11-02,60.89896011352539,1169800.0,ALLE
2016-11-03,60.841285705566406,835200.0,ALLE
2016-11-04,61.17774200439453,1692900.0,ALLE
2016-11-07,62.888858795166016,713500.0,ALLE
2016-11-08,63.167667388916016,429900.0,ALLE
2016-11-09,64.16741943359375,1052600.0,ALLE
2016-11-10,66.43611145019531,1358700.0,ALLE
2016-11-11,66.62837219238281,1187900.0,ALLE
2016-11-14,65.93622589111328,1245600.0,ALLE
2016-11-15,66.10926055908203,887500.0,ALLE
2016-11-16,64.9556884765625,575400.0,ALLE
2016-11-17,65.63821411132812,600200.0,ALLE
2016-11-18,64.71536254882812,637800.0,ALLE
2016-11-21,65.3017578125,595800.0,ALLE
2016-11-22,65.36904907226562,545500.0,ALLE
2016-11-23,65.08064270019531,648100.0,ALLE
2016-11-25,65.28253936767578,220900.0,ALLE
2016-11-28,64.7922592163086,547800.0,ALLE
2016-11-29,64.86917114257812,403100.0,ALLE
2016-11-30,64.32123565673828,733100.0,ALLE
2016-12-01,62.927330017089844,1391300.0,ALLE
2016-12-02,62.36014938354492,621300.0,ALLE
2016-12-05,62.11021423339844,789200.0,ALLE
2016-12-06,62.4851188659668,854600.0,ALLE
2016-12-07,63.23493957519531,1093800.0,ALLE
2016-12-08,62.85041427612305,722300.0,ALLE
2016-12-09,63.13881301879883,411300.0,ALLE
2016-12-12,62.60048294067383,658600.0,ALLE
2016-12-13,63.22649383544922,776100.0,ALLE
2016-12-14,63.024227142333984,770100.0,ALLE
2016-12-15,62.504173278808594,774200.0,ALLE
2016-12-16,61.849273681640625,1269000.0,ALLE
2016-12-19,62.513797760009766,512300.0,ALLE
2016-12-20,62.91829299926758,467800.0,ALLE
2016-12-21,63.13016891479492,559200.0,ALLE
2016-12-22,62.84125900268555,551100.0,ALLE
2016-12-23,62.976070404052734,266100.0,ALLE
2016-12-27,63.12054443359375,173600.0,ALLE
2016-12-28,62.407859802246094,361600.0,ALLE
2016-12-29,62.37895584106445,332200.0,ALLE
2016-12-30,61.637393951416016,501800.0,ALLE
2017-01-03,62.31155776977539,689800.0,ALLE
2017-01-04,63.496150970458984,958800.0,ALLE
2017-01-05,63.84284973144531,808900.0,ALLE
2017-01-06,63.457637786865234,1238300.0,ALLE
2017-01-09,63.00496292114258,850600.0,ALLE
2017-01-10,62.11893844604492,1806100.0,ALLE
2017-01-11,63.27462387084961,893200.0,ALLE
2017-01-12,63.67913055419922,737700.0,ALLE
2017-01-13,63.0820198059082,509000.0,ALLE
2017-01-17,63.43836212158203,653400.0,ALLE
2017-01-18,64.02583312988281,601500.0,ALLE
2017-01-19,64.12215423583984,720000.0,ALLE
2017-01-20,62.75457000732422,1013000.0,ALLE
2017-01-23,62.66789627075195,829500.0,ALLE
2017-01-24,63.96806335449219,759600.0,ALLE
2017-01-25,64.14141082763672,836000.0,ALLE
2017-01-26,63.51540756225586,808400.0,ALLE
2017-01-27,64.06436157226562,450700.0,ALLE
2017-01-30,63.40946960449219,709300.0,ALLE
2017-01-31,63.24575424194336,594400.0,ALLE
2017-02-01,63.50577926635742,685400.0,ALLE
2017-02-02,63.197593688964844,992100.0,ALLE
2017-02-03,64.8444595336914,950400.0,ALLE
2017-02-06,64.8541030883789,626600.0,ALLE
2017-02-07,64.54591369628906,872400.0,ALLE
2017-02-08,65.10449981689453,922700.0,ALLE
2017-02-09,69.08203887939453,2487100.0,ALLE
2017-02-10,69.26502227783203,1099200.0,ALLE
2017-02-13,68.8123550415039,562100.0,ALLE
2017-02-14,68.45602416992188,695500.0,ALLE
2017-02-15,69.17833709716797,1138200.0,ALLE
2017-02-16,70.23771667480469,1067300.0,ALLE
2017-02-17,70.56517791748047,865000.0,ALLE
2017-02-21,71.75940704345703,1120400.0,ALLE
2017-02-22,71.32601165771484,631200.0,ALLE
2017-02-23,71.22007751464844,541700.0,ALLE
2017-02-24,71.22007751464844,505200.0,ALLE
2017-02-27,70.88299560546875,568200.0,ALLE
2017-02-28,69.9102783203125,769200.0,ALLE
2017-03-01,70.96968078613281,567800.0,ALLE
2017-03-02,71.22972106933594,557200.0,ALLE
2017-03-03,71.09487915039062,962000.0,ALLE
2017-03-06,70.50740051269531,1106600.0,ALLE
2017-03-07,70.17032623291016,675100.0,ALLE
2017-03-08,70.41109466552734,1073900.0,ALLE
2017-03-09,70.7481689453125,676300.0,ALLE
2017-03-10,71.72088623046875,692300.0,ALLE
2017-03-13,72.15520477294922,668400.0,ALLE
2017-03-14,71.77880096435547,506600.0,ALLE
2017-03-15,72.30963134765625,521200.0,ALLE
2017-03-16,72.53163146972656,459300.0,ALLE
2017-03-17,72.85012817382812,829500.0,ALLE
2017-03-20,72.60884094238281,530400.0,ALLE
2017-03-21,71.68226623535156,709400.0,ALLE
2017-03-22,72.16485595703125,472300.0,ALLE
2017-03-23,72.25172424316406,410300.0,ALLE
2017-03-24,72.43510437011719,422700.0,ALLE
2017-03-27,72.28067016601562,696300.0,ALLE
2017-03-28,72.50267028808594,271200.0,ALLE
2017-03-29,72.78256225585938,394400.0,ALLE
2017-03-30,73.21687316894531,450900.0,ALLE
2017-03-31,73.06244659423828,592300.0,ALLE
2017-04-03,73.08175659179688,654800.0,ALLE
2017-04-04,72.29034423828125,513200.0,ALLE
2017-04-05,71.54714965820312,1267500.0,ALLE
2017-04-06,72.09730529785156,556400.0,ALLE
2017-04-07,72.08765411376953,384400.0,ALLE
2017-04-10,72.02008819580078,451000.0,ALLE
2017-04-11,72.666748046875,760800.0,ALLE
2017-04-12,72.61847686767578,824400.0,ALLE
2017-04-13,72.4930191040039,925500.0,ALLE
2017-04-17,73.57398986816406,414300.0,ALLE
2017-04-18,73.2940902709961,418400.0,ALLE
2017-04-19,74.153076171875,666100.0,ALLE
2017-04-20,75.01207733154297,417100.0,ALLE
2017-04-21,75.1954574584961,750500.0,ALLE
2017-04-24,75.51394653320312,711800.0,ALLE
2017-04-25,76.00618743896484,400100.0,ALLE
2017-04-26,76.94239807128906,1521200.0,ALLE
2017-04-27,77.81102752685547,1601800.0,ALLE
2017-04-28,75.90001678466797,1349300.0,ALLE
2017-05-01,74.99275207519531,716500.0,ALLE
2017-05-02,74.9155502319336,698100.0,ALLE
2017-05-03,74.58740234375,828800.0,ALLE
2017-05-04,74.65496826171875,919700.0,ALLE
2017-05-05,74.79972839355469,809500.0,ALLE
2017-05-08,74.12413787841797,573300.0,ALLE
2017-05-09,74.29786682128906,438000.0,ALLE
2017-05-10,74.153076171875,613200.0,ALLE
2017-05-11,74.59706115722656,900000.0,ALLE
2017-05-12,74.05656433105469,415800.0,ALLE
2017-05-15,74.5488052368164,582400.0,ALLE
2017-05-16,75.7455825805664,1238600.0,ALLE
2017-05-17,74.32682037353516,1009000.0,ALLE
2017-05-18,74.6259994506836,656400.0,ALLE
2017-05-19,76.30537414550781,1065000.0,ALLE
2017-05-22,76.69144439697266,798800.0,ALLE
2017-05-23,76.15095520019531,823800.0,ALLE
2017-05-24,76.29574584960938,702000.0,ALLE
2017-05-25,76.69144439697266,645500.0,ALLE
2017-05-26,76.6142349243164,655700.0,ALLE
2017-05-30,75.72628021240234,855300.0,ALLE
2017-05-31,75.8903579711914,3922200.0,ALLE
2017-06-01,76.38259887695312,907200.0,ALLE
2017-06-02,77.27054595947266,703700.0,ALLE
2017-06-05,77.21263122558594,498600.0,ALLE
2017-06-06,75.80349731445312,510900.0,ALLE
2017-06-07,75.60083770751953,511500.0,ALLE
2017-06-08,74.94452667236328,724500.0,ALLE
2017-06-09,74.5391616821289,756900.0,ALLE
2017-06-12,75.71663665771484,1033300.0,ALLE
2017-06-13,76.67410278320312,611400.0,ALLE
2017-06-14,77.1286392211914,563100.0,ALLE
2017-06-15,78.09577941894531,600700.0,ALLE
2017-06-16,78.89849853515625,822400.0,ALLE
2017-06-19,79.4690933227539,403100.0,ALLE
2017-06-20,79.21764373779297,520500.0,ALLE
2017-06-21,78.83080291748047,437800.0,ALLE
2017-06-22,78.52130889892578,298800.0,ALLE
2017-06-23,78.77276611328125,590600.0,ALLE
2017-06-26,78.73407745361328,236800.0,ALLE
2017-06-27,77.94102478027344,456000.0,ALLE
2017-06-28,78.56968688964844,264600.0,ALLE
2017-06-29,77.19634246826172,542700.0,ALLE
2017-06-30,78.45362854003906,457200.0,ALLE
2017-07-03,78.69538879394531,217200.0,ALLE
2017-07-05,79.4400863647461,416600.0,ALLE
2017-07-06,78.00874328613281,424000.0,ALLE
2017-07-07,78.55033111572266,414000.0,ALLE
2017-07-10,78.85013580322266,472600.0,ALLE
2017-07-11,78.7921142578125,354500.0,ALLE
2017-07-12,79.2950210571289,374700.0,ALLE
2017-07-13,78.13446044921875,541500.0,ALLE
2017-07-14,78.11509704589844,438700.0,ALLE
2017-07-17,78.17315673828125,295800.0,ALLE
2017-07-18,77.95071411132812,374300.0,ALLE
2017-07-19,78.04740905761719,303000.0,ALLE
2017-07-20,78.42459106445312,528900.0,ALLE
2017-07-21,77.76696014404297,401400.0,ALLE
2017-07-24,77.67024230957031,286000.0,ALLE
2017-07-25,76.50003051757812,681700.0,ALLE
2017-07-26,75.91006469726562,853400.0,ALLE
2017-07-27,78.53097534179688,1371800.0,ALLE
2017-07-28,78.72442626953125,736100.0,ALLE
2017-07-31,78.56968688964844,615800.0,ALLE
2017-08-01,78.7921142578125,878500.0,ALLE
2017-08-02,78.19248962402344,521700.0,ALLE
2017-08-03,78.1054458618164,372200.0,ALLE
2017-08-04,78.64703369140625,343900.0,ALLE
2017-08-07,79.2950210571289,321400.0,ALLE
2017-08-08,78.69538879394531,468600.0,ALLE
2017-08-09,77.94102478027344,354000.0,ALLE
2017-08-10,76.325927734375,459900.0,ALLE
2017-08-11,76.67410278320312,354100.0,ALLE
2017-08-14,76.85784149169922,420400.0,ALLE
2017-08-15,76.35494232177734,271400.0,ALLE
2017-08-16,76.68376159667969,404100.0,ALLE
2017-08-17,76.23889923095703,500500.0,ALLE
2017-08-18,75.60057830810547,327900.0,ALLE
2017-08-21,74.93327331542969,384900.0,ALLE
2017-08-22,75.51353454589844,507600.0,ALLE
2017-08-23,74.55607604980469,611600.0,ALLE
2017-08-24,74.6141128540039,360200.0,ALLE
2017-08-25,75.06866455078125,376800.0,ALLE
2017-08-28,75.48453521728516,425100.0,ALLE
2017-08-29,75.21373748779297,271900.0,ALLE
2017-08-30,75.72631072998047,292300.0,ALLE
2017-08-31,76.12283325195312,487600.0,ALLE
2017-09-01,76.5483627319336,517800.0,ALLE
2017-09-05,76.79014587402344,639400.0,ALLE
2017-09-06,77.62189483642578,604900.0,ALLE
2017-09-07,77.58320617675781,395900.0,ALLE
2017-09-08,78.15379333496094,512300.0,ALLE
2017-09-11,78.40525817871094,759300.0,ALLE
2017-09-12,78.33757019042969,660500.0,ALLE
2017-09-13,79.12093353271484,589500.0,ALLE
2017-09-14,79.9043197631836,784200.0,ALLE
2017-09-15,80.20470428466797,978400.0,ALLE
2017-09-18,80.08842468261719,508100.0,ALLE
2017-09-19,80.28221893310547,677100.0,ALLE
2017-09-20,80.97989654541016,1023200.0,ALLE
2017-09-21,80.88300323486328,465000.0,ALLE
2017-09-22,81.92955017089844,890500.0,ALLE
2017-09-25,81.88108825683594,437300.0,ALLE
2017-09-26,82.70474243164062,518900.0,ALLE
2017-09-27,82.68536376953125,751400.0,ALLE
2017-09-28,83.10203552246094,585300.0,ALLE
2017-09-29,83.7900390625,493100.0,ALLE
2017-10-02,83.8481674194336,518600.0,ALLE
2017-10-03,84.759033203125,529300.0,ALLE
2017-10-04,84.04198455810547,828500.0,ALLE
2017-10-05,84.37142944335938,694000.0,ALLE
2017-10-06,84.48772430419922,716800.0,ALLE
2017-10-09,84.90438079833984,297900.0,ALLE
2017-10-10,85.0885009765625,415900.0,ALLE
2017-10-11,85.41796875,743800.0,ALLE
2017-10-12,86.78426361083984,913500.0,ALLE
2017-10-13,85.56330871582031,380500.0,ALLE
2017-10-16,85.40826416015625,349700.0,ALLE
2017-10-17,84.30361938476562,768100.0,ALLE
2017-10-18,84.88500213623047,569100.0,ALLE
2017-10-19,85.02066802978516,422800.0,ALLE
2017-10-20,85.29197692871094,546200.0,ALLE
2017-10-23,84.60399627685547,379500.0,ALLE
2017-10-24,85.73773193359375,619200.0,ALLE
2017-10-25,83.80940246582031,894300.0,ALLE
2017-10-26,78.19886016845703,3297200.0,ALLE
2017-10-27,77.80155181884766,1919700.0,ALLE
2017-10-30,79.42950439453125,1281300.0,ALLE
2017-10-31,80.80549621582031,1406900.0,ALLE
2017-11-01,80.16594696044922,700600.0,ALLE
2017-11-02,79.68143463134766,852600.0,ALLE
2017-11-03,79.47795104980469,896100.0,ALLE
2017-11-06,80.51478576660156,718300.0,ALLE
2017-11-07,80.94114685058594,851300.0,ALLE
2017-11-08,80.84424591064453,388700.0,ALLE
2017-11-09,79.53609466552734,429500.0,ALLE
2017-11-10,80.55355072021484,565200.0,ALLE
2017-11-13,81.33844757080078,847000.0,ALLE
2017-11-14,80.33067321777344,842400.0,ALLE
2017-11-15,79.48764038085938,473100.0,ALLE
2017-11-16,79.85587310791016,334700.0,ALLE
2017-11-17,80.08842468261719,517700.0,ALLE
2017-11-20,80.66012573242188,338100.0,ALLE
2017-11-21,80.81517028808594,456300.0,ALLE
2017-11-22,80.58263397216797,402800.0,ALLE
2017-11-24,80.35004425048828,196500.0,ALLE
2017-11-27,80.52448272705078,720600.0,ALLE
2017-11-28,80.74734497070312,651800.0,ALLE
2017-11-29,80.36944580078125,745900.0,ALLE
2017-11-30,81.53224182128906,970400.0,ALLE
2017-12-01,81.9586181640625,862700.0,ALLE
2017-12-04,80.84424591064453,766300.0,ALLE
2017-12-05,79.45857238769531,542200.0,ALLE
2017-12-06,79.25508117675781,533200.0,ALLE
2017-12-07,80.53417205810547,643500.0,ALLE
2017-12-08,79.9043197631836,562200.0,ALLE
2017-12-11,79.62328338623047,732300.0,ALLE
2017-12-12,79.60391998291016,427000.0,ALLE
2017-12-13,80.0787353515625,732400.0,ALLE
2017-12-14,79.14849090576172,586000.0,ALLE
2017-12-15,79.8863754272461,1256800.0,ALLE
2017-12-18,80.15823364257812,856000.0,ALLE
2017-12-19,77.74067687988281,1188200.0,ALLE
2017-12-20,78.64359283447266,981300.0,ALLE
2017-12-21,78.64359283447266,613800.0,ALLE
2017-12-22,78.0028076171875,347900.0,ALLE
2017-12-26,78.05135345458984,251400.0,ALLE
2017-12-27,77.6727066040039,479300.0,ALLE
2017-12-28,77.2455062866211,1124100.0,ALLE
2017-12-29,77.2455062866211,662900.0,ALLE
2018-01-02,77.58533477783203,645400.0,ALLE
2018-01-03,77.91543579101562,1117400.0,ALLE
2018-01-04,79.00283813476562,1211700.0,ALLE
2018-01-05,79.19703674316406,851100.0,ALLE
2018-01-08,78.87663269042969,539100.0,ALLE
2018-01-09,80.51746368408203,925500.0,ALLE
2018-01-10,80.19705963134766,851500.0,ALLE
2018-01-11,81.92527770996094,987900.0,ALLE
2018-01-12,82.56607055664062,904200.0,ALLE
2018-01-16,81.62429809570312,652800.0,ALLE
2018-01-17,81.7602310180664,740900.0,ALLE
2018-01-18,81.60487365722656,554500.0,ALLE
2018-01-19,83.72147369384766,890200.0,ALLE
2018-01-22,83.30397033691406,477500.0,ALLE
2018-01-23,82.86705780029297,675700.0,ALLE
2018-01-24,83.09037017822266,487000.0,ALLE
2018-01-25,82.86705780029297,345400.0,ALLE
2018-01-26,83.85739135742188,594900.0,ALLE
2018-01-29,84.15837097167969,590700.0,ALLE
2018-01-30,82.95446014404297,527300.0,ALLE
2018-01-31,83.6049575805664,902500.0,ALLE
2018-02-01,82.69229888916016,528500.0,ALLE
2018-02-02,79.46887969970703,895700.0,ALLE
2018-02-05,76.80858612060547,962300.0,ALLE
2018-02-06,77.77949523925781,1131400.0,ALLE
2018-02-07,77.63386535644531,578300.0,ALLE
2018-02-08,75.07067108154297,894000.0,ALLE
2018-02-09,76.20662689208984,1267400.0,ALLE
2018-02-12,77.42998504638672,1009900.0,ALLE
2018-02-13,77.33287811279297,623100.0,ALLE
2018-02-14,77.6435775756836,1074400.0,ALLE
2018-02-15,79.86695861816406,685500.0,ALLE
2018-02-16,80.31358337402344,692100.0,ALLE
2018-02-20,83.16806030273438,1657000.0,ALLE
2018-02-21,84.19721221923828,1168800.0,ALLE
2018-02-22,83.5370101928711,1061900.0,ALLE
2018-02-23,83.66320037841797,798600.0,ALLE
2018-02-26,85.2943344116211,1002800.0,ALLE
2018-02-27,84.43994903564453,1218600.0,ALLE
2018-02-28,81.66313934326172,1142500.0,ALLE
2018-03-01,79.68247985839844,957000.0,ALLE
2018-03-02,79.83782196044922,630100.0,ALLE
2018-03-05,80.59513854980469,559700.0,ALLE
2018-03-06,81.47866821289062,706800.0,ALLE
2018-03-07,81.48837280273438,450500.0,ALLE
2018-03-08,82.29422760009766,542100.0,ALLE
2018-03-09,84.6729507446289,705500.0,ALLE
2018-03-12,84.8574447631836,621800.0,ALLE
2018-03-13,83.58553314208984,644500.0,ALLE
2018-03-14,83.07942962646484,294300.0,ALLE
2018-03-15,83.19622802734375,313900.0,ALLE
2018-03-16,83.58553314208984,676600.0,ALLE
2018-03-19,82.97237396240234,409100.0,ALLE
2018-03-20,83.34222412109375,373700.0,ALLE
2018-03-21,83.64393615722656,350000.0,ALLE
2018-03-22,82.33972930908203,689700.0,ALLE
2018-03-23,80.7435531616211,812700.0,ALLE
2018-03-26,82.3008041381836,763800.0,ALLE
2018-03-27,81.7557601928711,805800.0,ALLE
2018-03-28,80.90900421142578,717900.0,ALLE
2018-03-29,83.01130676269531,807100.0,ALLE
2018-04-02,81.01607513427734,530300.0,ALLE
2018-04-03,82.33000946044922,623300.0,ALLE
2018-04-04,83.44927215576172,971700.0,ALLE
2018-04-05,83.64393615722656,990900.0,ALLE
2018-04-06,82.48573303222656,567800.0,ALLE
2018-04-09,82.28134155273438,334400.0,ALLE
2018-04-10,82.95288848876953,651700.0,ALLE
2018-04-11,82.28134155273438,453200.0,ALLE
2018-04-12,83.03076171875,578700.0,ALLE
2018-04-13,82.3008041381836,335300.0,ALLE
2018-04-16,83.08915710449219,627600.0,ALLE
2018-04-17,83.3324966430664,801400.0,ALLE
2018-04-18,84.18896484375,578700.0,ALLE
2018-04-19,83.10862731933594,551500.0,ALLE
2018-04-20,82.48573303222656,587000.0,ALLE
2018-04-23,82.26187896728516,560400.0,ALLE
2018-04-24,79.95519256591797,916900.0,ALLE
2018-04-25,80.81167602539062,1287400.0,ALLE
2018-04-26,76.49031066894531,4987400.0,ALLE
2018-04-27,75.75061798095703,1842600.0,ALLE
2018-04-30,75.11797332763672,1947700.0,ALLE
2018-05-01,75.07904052734375,1534400.0,ALLE
2018-05-02,73.11302947998047,2406500.0,ALLE
2018-05-03,72.82103729248047,1348100.0,ALLE
2018-05-04,74.1155014038086,1095800.0,ALLE
2018-05-07,73.7164535522461,939300.0,ALLE
2018-05-08,73.86244201660156,927200.0,ALLE
2018-05-09,74.24201965332031,1018800.0,ALLE
2018-05-10,75.24449920654297,440800.0,ALLE
2018-05-11,75.21530151367188,480800.0,ALLE
2018-05-14,74.79678344726562,677400.0,ALLE
2018-05-15,74.41720581054688,545300.0,ALLE
2018-05-16,74.96224975585938,403400.0,ALLE
2018-05-17,74.81625366210938,569200.0,ALLE
2018-05-18,76.27619171142578,1374800.0,ALLE
2018-05-21,76.67523193359375,577200.0,ALLE
2018-05-22,76.56816864013672,1015600.0,ALLE
2018-05-23,77.10346984863281,1059100.0,ALLE
2018-05-24,77.14239501953125,759600.0,ALLE
2018-05-25,76.6849594116211,637800.0,ALLE
2018-05-29,76.17884826660156,990500.0,ALLE
2018-05-30,77.09374237060547,604200.0,ALLE
2018-05-31,74.38803100585938,719400.0,ALLE
2018-06-01,75.80900573730469,725200.0,ALLE
2018-06-04,76.22752380371094,490900.0,ALLE
2018-06-05,77.0548095703125,555900.0,ALLE
2018-06-06,77.11321258544922,356600.0,ALLE
2018-06-07,78.0670166015625,399900.0,ALLE
2018-06-08,78.95271301269531,884900.0,ALLE
2018-06-11,79.08897399902344,813800.0,ALLE
2018-06-12,79.97466278076172,605300.0,ALLE
2018-06-13,78.73859405517578,934300.0,ALLE
2018-06-14,79.81198120117188,599000.0,ALLE
2018-06-15,80.08521270751953,1195200.0,ALLE
2018-06-18,79.50949096679688,673200.0,ALLE
2018-06-19,78.23115539550781,621600.0,ALLE
2018-06-20,78.06527709960938,635600.0,ALLE
2018-06-21,75.99653625488281,663500.0,ALLE
2018-06-22,75.81114196777344,634300.0,ALLE
2018-06-25,74.53280639648438,793800.0,ALLE
2018-06-26,74.48403930664062,719800.0,ALLE
2018-06-27,75.51839447021484,1331600.0,ALLE
2018-06-28,75.31348419189453,734500.0,ALLE
2018-06-29,75.48912811279297,669600.0,ALLE
2018-07-02,75.75259399414062,466700.0,ALLE
2018-07-03,75.15733337402344,233800.0,ALLE
2018-07-05,75.99653625488281,528400.0,ALLE
2018-07-06,75.001220703125,1000600.0,ALLE
2018-07-09,76.05509185791016,660400.0,ALLE
2018-07-10,76.4551773071289,594000.0,ALLE
2018-07-11,76.02582550048828,304800.0,ALLE
2018-07-12,77.16752624511719,434500.0,ALLE
2018-07-13,77.78229522705078,546400.0,ALLE
2018-07-16,77.32363891601562,685300.0,ALLE
2018-07-17,78.1433334350586,516400.0,ALLE
2018-07-18,77.31389617919922,588300.0,ALLE
2018-07-19,76.77720642089844,909500.0,ALLE
2018-07-20,77.5676040649414,609100.0,ALLE
2018-07-23,76.80647277832031,483400.0,ALLE
2018-07-24,77.8896255493164,1328700.0,ALLE
2018-07-25,78.15309143066406,1090500.0,ALLE
2018-07-26,79.50949096679688,1136800.0,ALLE
2018-07-27,79.6265869140625,1122500.0,ALLE
2018-07-30,78.97278594970703,795600.0,ALLE
2018-07-31,79.56803131103516,665600.0,ALLE
2018-08-01,78.92398071289062,579800.0,ALLE
2018-08-02,79.23624420166016,348200.0,ALLE
2018-08-03,79.74365997314453,301500.0,ALLE
2018-08-06,80.5731201171875,459500.0,ALLE
2018-08-07,81.09029388427734,480900.0,ALLE
2018-08-08,80.52433013916016,485600.0,ALLE
2018-08-09,80.5633544921875,608600.0,ALLE
2018-08-10,79.82174682617188,459600.0,ALLE
2018-08-13,79.75343322753906,530900.0,ALLE
2018-08-14,81.25618743896484,392000.0,ALLE
2018-08-15,83.23709106445312,1028300.0,ALLE
2018-08-16,83.36396026611328,818100.0,ALLE
2018-08-17,84.6032485961914,485600.0,ALLE
2018-08-20,84.85694885253906,545700.0,ALLE
2018-08-21,85.66688537597656,501100.0,ALLE
2018-08-22,84.99357604980469,360500.0,ALLE
2018-08-23,84.34953308105469,410500.0,ALLE
2018-08-24,85.1594467163086,380100.0,ALLE
2018-08-27,85.56929779052734,310700.0,ALLE
2018-08-28,85.59856414794922,332600.0,ALLE
2018-08-29,84.85694885253906,500100.0,ALLE
2018-08-30,85.17896270751953,778100.0,ALLE
2018-08-31,85.11067199707031,644400.0,ALLE
2018-09-04,85.04235076904297,565900.0,ALLE
2018-09-05,87.04278564453125,435600.0,ALLE
2018-09-06,86.77931213378906,461500.0,ALLE
2018-09-07,86.56463623046875,341800.0,ALLE
2018-09-10,87.6282730102539,495500.0,ALLE
2018-09-11,87.53068542480469,488400.0,ALLE
2018-09-12,87.5697250366211,421700.0,ALLE
2018-09-13,87.17938995361328,471800.0,ALLE
2018-09-14,85.89806365966797,758000.0,ALLE
2018-09-17,86.94467163085938,744100.0,ALLE
2018-09-18,88.39226531982422,599900.0,ALLE
2018-09-19,88.59767150878906,472100.0,ALLE
2018-09-20,88.92044067382812,691300.0,ALLE
2018-09-21,88.09880828857422,1112600.0,ALLE
2018-09-24,87.43370819091797,355300.0,ALLE
2018-09-25,87.17938995361328,381100.0,ALLE
2018-09-26,87.57063293457031,347300.0,ALLE
2018-09-27,88.02056884765625,479200.0,ALLE
2018-09-28,88.58787536621094,516600.0,ALLE
2018-10-01,89.14540100097656,783000.0,ALLE
2018-10-02,89.32146453857422,509800.0,ALLE
2018-10-03,89.2236557006836,544400.0,ALLE
2018-10-04,88.21619415283203,346600.0,ALLE
2018-10-05,87.5902099609375,395000.0,ALLE
2018-10-08,86.43601989746094,763900.0,ALLE
2018-10-09,85.70244598388672,879600.0,ALLE
2018-10-10,82.70941162109375,871500.0,ALLE
2018-10-11,80.94880676269531,756200.0,ALLE
2018-10-12,81.93669891357422,696000.0,ALLE
2018-10-15,81.9953842163086,402200.0,ALLE
2018-10-16,83.36474609375,401000.0,ALLE
2018-10-17,82.32794952392578,408200.0,ALLE
2018-10-18,80.89988708496094,532000.0,ALLE
2018-10-19,80.00003814697266,477400.0,ALLE
2018-10-22,79.72616577148438,620600.0,ALLE
2018-10-23,80.93903350830078,1097300.0,ALLE
2018-10-24,77.9948959350586,1210500.0,ALLE
2018-10-25,81.12487030029297,1569700.0,ALLE
2018-10-26,80.89988708496094,1134600.0,ALLE
2018-10-29,79.88265991210938,1018800.0,ALLE
2018-10-30,82.74852752685547,796100.0,ALLE
2018-10-31,83.85379791259766,712700.0,ALLE
2018-11-01,85.49705505371094,1096600.0,ALLE
2018-11-02,86.21106719970703,689200.0,ALLE
2018-11-05,86.6609878540039,628200.0,ALLE
2018-11-06,87.15983581542969,319700.0,ALLE
2018-11-07,87.80538177490234,480200.0,ALLE
2018-11-08,88.441162109375,435600.0,ALLE
2018-11-09,87.43370819091797,505200.0,ALLE
2018-11-12,86.65119934082031,351100.0,ALLE
2018-11-13,86.92508697509766,664300.0,ALLE
2018-11-14,85.20360565185547,682400.0,ALLE
2018-11-15,86.52405548095703,792800.0,ALLE
2018-11-16,87.31632232666016,558700.0,ALLE
2018-11-19,87.48261260986328,705400.0,ALLE
2018-11-20,86.80770874023438,595200.0,ALLE
2018-11-21,87.8347396850586,352200.0,ALLE
2018-11-23,87.15983581542969,283600.0,ALLE
2018-11-26,87.80538177490234,972300.0,ALLE
2018-11-27,88.2748794555664,625300.0,ALLE
2018-11-28,90.18221282958984,783700.0,ALLE
2018-11-29,89.74205780029297,740100.0,ALLE
2018-11-30,89.58556365966797,1124500.0,ALLE
2018-12-03,91.06250762939453,1080300.0,ALLE
2018-12-04,88.30422973632812,635800.0,ALLE
2018-12-06,87.77605438232422,754100.0,ALLE
2018-12-07,86.72946166992188,547000.0,ALLE
2018-12-10,85.32097625732422,694200.0,ALLE
2018-12-11,85.39921569824219,683800.0,ALLE
2018-12-12,85.91761779785156,448000.0,ALLE
2018-12-13,85.52638244628906,571900.0,ALLE
2018-12-14,84.66355895996094,638900.0,ALLE
2018-12-17,82.0359115600586,653200.0,ALLE
2018-12-18,82.66341400146484,795100.0,ALLE
2018-12-19,80.37892150878906,1667200.0,ALLE
2018-12-20,78.8395767211914,875800.0,ALLE
2018-12-21,77.006103515625,1130200.0,ALLE
2018-12-24,73.93722534179688,545800.0,ALLE
2018-12-26,77.07472229003906,820000.0,ALLE
2018-12-27,77.75125885009766,613700.0,ALLE
2018-12-28,77.01590728759766,732700.0,ALLE
2018-12-31,78.15324401855469,431600.0,ALLE
2019-01-02,79.46708679199219,864300.0,ALLE
2019-01-03,78.12384033203125,1050800.0,ALLE
2019-01-04,77.94734954833984,1036400.0,ALLE
2019-01-07,78.76114654541016,610900.0,ALLE
2019-01-08,79.84947204589844,853500.0,ALLE
2019-01-09,80.74168395996094,589900.0,ALLE
2019-01-10,80.59461975097656,792700.0,ALLE
2019-01-11,80.46715545654297,435800.0,ALLE
2019-01-14,80.17301940917969,555100.0,ALLE
2019-01-15,80.15340423583984,611300.0,ALLE
2019-01-16,79.42787170410156,710800.0,ALLE
2019-01-17,80.16321563720703,663400.0,ALLE
2019-01-18,81.87903594970703,813500.0,ALLE
2019-01-22,80.57500457763672,518600.0,ALLE
2019-01-23,80.82012939453125,526200.0,ALLE
2019-01-24,81.37899017333984,422300.0,ALLE
2019-01-25,82.54574584960938,569900.0,ALLE
2019-01-28,82.63399505615234,402500.0,ALLE
2019-01-29,83.36933898925781,413300.0,ALLE
2019-01-30,84.23217010498047,353300.0,ALLE
2019-01-31,84.18313598632812,723100.0,ALLE
2019-02-01,85.05574798583984,650300.0,ALLE
2019-02-04,85.57540130615234,420600.0,ALLE
2019-02-05,87.35987091064453,688300.0,ALLE
2019-02-06,87.8893051147461,735700.0,ALLE
2019-02-07,88.96783447265625,541000.0,ALLE
2019-02-08,89.60514068603516,696200.0,ALLE
2019-02-11,89.72279357910156,445100.0,ALLE
2019-02-12,91.22290802001953,540400.0,ALLE
2019-02-13,91.93864440917969,594000.0,ALLE
2019-02-14,89.88946533203125,1042400.0,ALLE
2019-02-15,89.77180480957031,2165800.0,ALLE
2019-02-19,86.30094909667969,2002100.0,ALLE
2019-02-20,86.2323226928711,1271200.0,ALLE
2019-02-21,86.50685119628906,770000.0,ALLE
2019-02-22,87.94815063476562,799800.0,ALLE
2019-02-25,86.9676742553711,734000.0,ALLE
2019-02-26,86.90884399414062,634000.0,ALLE
2019-02-27,88.66389465332031,640300.0,ALLE
2019-02-28,88.20305633544922,720700.0,ALLE
2019-03-01,89.4188461303711,732400.0,ALLE
2019-03-04,88.42857360839844,618100.0,ALLE
2019-03-05,88.1834487915039,674700.0,ALLE
2019-03-06,87.69322204589844,731000.0,ALLE
2019-03-07,86.25193786621094,620000.0,ALLE
2019-03-08,86.2617416381836,450000.0,ALLE
2019-03-11,86.85002136230469,518400.0,ALLE
2019-03-12,87.07551574707031,597500.0,ALLE
2019-03-13,87.8893051147461,656300.0,ALLE
2019-03-14,87.29924774169922,625800.0,ALLE
2019-03-15,86.9452133178711,1411700.0,ALLE
2019-03-18,87.4271011352539,745800.0,ALLE
2019-03-19,87.2402572631836,743800.0,ALLE
2019-03-20,86.28631591796875,974200.0,ALLE
2019-03-21,87.4271011352539,480800.0,ALLE
2019-03-22,85.77493286132812,704600.0,ALLE
2019-03-25,86.0011215209961,359000.0,ALLE
2019-03-26,86.95504760742188,458000.0,ALLE
2019-03-27,86.73869323730469,397000.0,ALLE
2019-03-28,88.33185577392578,609600.0,ALLE
2019-03-29,89.20710754394531,827400.0,ALLE
2019-04-01,91.10513305664062,666900.0,ALLE
2019-04-02,90.88877868652344,519300.0,ALLE
2019-04-03,91.94104766845703,748100.0,ALLE
2019-04-04,92.56062316894531,581000.0,ALLE
2019-04-05,93.34736633300781,746000.0,ALLE
2019-04-08,92.83597564697266,442300.0,ALLE
2019-04-09,91.94104766845703,724700.0,ALLE
2019-04-10,91.78370666503906,786300.0,ALLE
2019-04-11,92.21641540527344,461000.0,ALLE
2019-04-12,93.00315856933594,438200.0,ALLE
2019-04-15,92.51144409179688,462100.0,ALLE
2019-04-16,92.34426879882812,1047000.0,ALLE
2019-04-17,92.34426879882812,1088400.0,ALLE
2019-04-18,92.19673919677734,1373500.0,ALLE
2019-04-22,92.40326690673828,948700.0,ALLE
2019-04-23,94.3996353149414,526900.0,ALLE
2019-04-24,93.91775512695312,933200.0,ALLE
2019-04-25,94.96018981933594,1548400.0,ALLE
2019-04-26,96.68119049072266,553100.0,ALLE
2019-04-29,96.77954864501953,592200.0,ALLE
2019-04-30,97.58595275878906,589400.0,ALLE
2019-05-01,97.39910125732422,619500.0,ALLE
2019-05-02,97.28109741210938,738700.0,ALLE
2019-05-03,100.49691772460938,675200.0,ALLE
2019-05-06,99.55281829833984,629900.0,ALLE
2019-05-07,97.71379852294922,1031100.0,ALLE
2019-05-08,97.96949005126953,972400.0,ALLE
2019-05-09,98.44153594970703,861200.0,ALLE
2019-05-10,98.6185531616211,758400.0,ALLE
2019-05-13,97.4286117553711,1131300.0,ALLE
2019-05-14,97.75314331054688,829300.0,ALLE
2019-05-15,98.76607513427734,1189500.0,ALLE
2019-05-16,100.18222045898438,1094900.0,ALLE
2019-05-17,98.80541229248047,2120000.0,ALLE
2019-05-20,98.32353973388672,817800.0,ALLE
2019-05-21,99.79867553710938,600700.0,ALLE
2019-05-22,98.27435302734375,1192500.0,ALLE
2019-05-23,97.45809936523438,839300.0,ALLE
2019-05-24,97.6351318359375,934800.0,ALLE
2019-05-28,97.1827392578125,1182900.0,ALLE
2019-05-29,96.1698226928711,614800.0,ALLE
2019-05-30,97.8318099975586,527900.0,ALLE
2019-05-31,95.44207000732422,1586400.0,ALLE
2019-06-03,97.9498291015625,677900.0,ALLE
2019-06-04,98.75623321533203,1563900.0,ALLE
2019-06-05,101.59835815429688,591100.0,ALLE
2019-06-06,101.98189544677734,506500.0,ALLE
2019-06-07,102.41460418701172,445700.0,ALLE
2019-06-10,103.79141235351562,406300.0,ALLE
2019-06-11,103.2603530883789,534400.0,ALLE
2019-06-12,102.80797576904297,497000.0,ALLE
2019-06-13,103.8333969116211,571700.0,ALLE
2019-06-14,104.53343200683594,621300.0,ALLE
2019-06-17,103.18265533447266,1305100.0,ALLE
2019-06-18,104.66162109375,621000.0,ALLE
2019-06-19,105.65746307373047,386800.0,ALLE
2019-06-20,106.74203491210938,517400.0,ALLE
2019-06-21,106.32791900634766,723600.0,ALLE
2019-06-24,106.37721252441406,389100.0,ALLE
2019-06-25,106.06170654296875,582800.0,ALLE
2019-06-26,106.08141326904297,532100.0,ALLE
2019-06-27,107.24488067626953,369500.0,ALLE
2019-06-28,108.99992370605469,935300.0,ALLE
2019-07-01,109.95631408691406,680900.0,ALLE
2019-07-02,108.7139892578125,825100.0,ALLE
2019-07-03,108.96048736572266,541000.0,ALLE
2019-07-05,109.43375396728516,436500.0,ALLE
2019-07-08,108.43791961669922,481100.0,ALLE
2019-07-09,108.625244140625,625400.0,ALLE
2019-07-10,107.78716278076172,538700.0,ALLE
2019-07-11,107.73786163330078,398300.0,ALLE
2019-07-12,108.8914566040039,427800.0,ALLE
2019-07-15,109.20697784423828,340600.0,ALLE
2019-07-16,109.22669982910156,627900.0,ALLE
2019-07-17,107.29418182373047,785500.0,ALLE
2019-07-18,107.90548706054688,789500.0,ALLE
2019-07-19,106.08141326904297,538100.0,ALLE
2019-07-22,106.5053939819336,623700.0,ALLE
2019-07-23,107.30403900146484,415100.0,ALLE
2019-07-24,106.70259857177734,765800.0,ALLE
2019-07-25,103.34040832519531,1800600.0,ALLE
2019-07-26,103.78409576416016,858000.0,ALLE
2019-07-29,102.2459716796875,683100.0,ALLE
2019-07-30,102.80797576904297,776700.0,ALLE
2019-07-31,102.08821868896484,752800.0,ALLE
2019-08-01,101.04307556152344,1082100.0,ALLE
2019-08-02,100.40219116210938,645000.0,ALLE
2019-08-05,98.28234100341797,967600.0,ALLE
2019-08-06,98.43023681640625,614300.0,ALLE
2019-08-07,96.95126342773438,637000.0,ALLE
2019-08-08,97.759765625,874600.0,ALLE
2019-08-09,97.34565734863281,811300.0,ALLE
2019-08-12,95.63990783691406,611200.0,ALLE
2019-08-13,96.09346008300781,962600.0,ALLE
2019-08-14,92.76084899902344,770900.0,ALLE
2019-08-15,93.39187622070312,747900.0,ALLE
2019-08-16,94.09193420410156,2424600.0,ALLE
2019-08-19,95.19622802734375,679800.0,ALLE
2019-08-20,93.66795349121094,683900.0,ALLE
2019-08-21,94.12150573730469,594700.0,ALLE
2019-08-22,94.34828186035156,528900.0,ALLE
2019-08-23,92.110107421875,586000.0,ALLE
2019-08-26,92.7016830444336,391600.0,ALLE
2019-08-27,92.4552001953125,447600.0,ALLE
2019-08-28,92.96790313720703,398600.0,ALLE
2019-08-29,94.45674896240234,445300.0,ALLE
2019-08-30,94.92015075683594,620900.0,ALLE
2019-09-03,93.99333190917969,650300.0,ALLE
2019-09-04,95.40328216552734,595300.0,ALLE
2019-09-05,97.23719787597656,641100.0,ALLE
2019-09-06,97.56256103515625,629000.0,ALLE
2019-09-09,96.56673431396484,670800.0,ALLE
2019-09-10,96.88224792480469,702500.0,ALLE
2019-09-11,98.5288314819336,497800.0,ALLE
2019-09-12,98.92322540283203,440200.0,ALLE
2019-09-13,101.07844543457031,1069600.0,ALLE
2019-09-16,100.96969604492188,667000.0,ALLE
2019-09-17,100.40617370605469,627600.0,ALLE
2019-09-18,101.14765167236328,536900.0,ALLE
2019-09-19,100.96969604492188,489700.0,ALLE
2019-09-20,100.41606140136719,605900.0,ALLE
2019-09-23,100.0107192993164,376300.0,ALLE
2019-09-24,100.43583679199219,591500.0,ALLE
2019-09-25,100.69288635253906,490900.0,ALLE
2019-09-26,101.49369049072266,568200.0,ALLE
2019-09-27,101.33550262451172,340300.0,ALLE
2019-09-30,102.4724349975586,712400.0,ALLE
2019-10-01,99.95140075683594,603700.0,ALLE
2019-10-02,99.10116577148438,466400.0,ALLE
2019-10-03,99.95140075683594,624100.0,ALLE
2019-10-04,102.14617919921875,519500.0,ALLE
2019-10-07,101.41459655761719,428600.0,ALLE
2019-10-08,101.16741943359375,888600.0,ALLE
2019-10-09,99.89208221435547,1063600.0,ALLE
2019-10-10,99.55593872070312,1146500.0,ALLE
2019-10-11,100.30731964111328,877900.0,ALLE
2019-10-14,99.30878448486328,494500.0,ALLE
2019-10-15,100.63356018066406,1113400.0,ALLE
2019-10-16,102.23516082763672,551200.0,ALLE
2019-10-17,102.94697570800781,511100.0,ALLE
2019-10-18,102.76902770996094,608000.0,ALLE
2019-10-21,103.83675384521484,566200.0,ALLE
2019-10-22,104.05425262451172,549200.0,ALLE
2019-10-23,103.18424987792969,808300.0,ALLE
2019-10-24,112.36870574951172,2049900.0,ALLE
2019-10-25,112.04246520996094,1025500.0,ALLE
2019-10-28,114.00985717773438,807400.0,ALLE
2019-10-29,114.11859130859375,737700.0,ALLE
2019-10-30,115.18633270263672,670700.0,ALLE
2019-10-31,114.72166442871094,595200.0,ALLE
2019-11-01,116.84724426269531,554800.0,ALLE
2019-11-04,116.78791809082031,485200.0,ALLE
2019-11-05,115.76962280273438,593300.0,ALLE
2019-11-06,115.25553131103516,790900.0,ALLE
2019-11-07,113.96041107177734,528600.0,ALLE
2019-11-08,114.33609771728516,991800.0,ALLE
2019-11-11,114.34598541259766,388100.0,ALLE
2019-11-12,113.39688873291016,530700.0,ALLE
2019-11-13,115.39393615722656,580100.0,ALLE
2019-11-14,115.85860443115234,404700.0,ALLE
2019-11-15,117.76667785644531,677500.0,ALLE
2019-11-18,117.06474304199219,419500.0,ALLE
2019-11-19,117.85565185546875,668200.0,ALLE
2019-11-20,116.16508483886719,887300.0,ALLE
2019-11-21,117.17349243164062,717000.0,ALLE
2019-11-22,117.69747161865234,583200.0,ALLE
2019-11-25,118.44883728027344,562300.0,ALLE
2019-11-26,120.77214813232422,672400.0,ALLE
2019-11-27,120.178955078125,463900.0,ALLE
2019-11-29,118.66634368896484,316000.0,ALLE
2019-12-02,118.99259185791016,602100.0,ALLE
2019-12-03,118.81462860107422,529700.0,ALLE
2019-12-04,120.4063491821289,714800.0,ALLE
2019-12-05,120.91055297851562,602300.0,ALLE
2019-12-06,121.59270477294922,512400.0,ALLE
2019-12-09,122.68021392822266,726600.0,ALLE
2019-12-10,122.68021392822266,1142100.0,ALLE
2019-12-11,124.26203918457031,566600.0,ALLE
2019-12-12,123.05589294433594,978100.0,ALLE
2019-12-13,121.61248779296875,557100.0,ALLE
2019-12-16,120.54240417480469,726400.0,ALLE
2019-12-17,122.39523315429688,717200.0,ALLE
2019-12-18,122.47449493408203,484700.0,ALLE
2019-12-19,122.5438461303711,516000.0,ALLE
2019-12-20,123.05906677246094,1065200.0,ALLE
2019-12-23,122.2862319946289,458000.0,ALLE
2019-12-24,122.73210906982422,179500.0,ALLE
2019-12-26,123.49502563476562,229100.0,ALLE
2019-12-27,123.44548797607422,219500.0,ALLE
2019-12-30,122.97980499267578,304100.0,ALLE
2019-12-31,123.39595031738281,278900.0,ALLE
2020-01-02,124.2381362915039,572400.0,ALLE
2020-01-03,122.70237731933594,480500.0,ALLE
2020-01-06,122.47449493408203,627400.0,ALLE
2020-01-07,121.0080795288086,588400.0,ALLE
2020-01-08,121.5233154296875,938700.0,ALLE
2020-01-09,121.74128723144531,458500.0,ALLE
2020-01-10,122.296142578125,525300.0,ALLE
2020-01-13,123.50494384765625,945600.0,ALLE
2020-01-14,123.57429504394531,703100.0,ALLE
2020-01-15,124.16878509521484,884100.0,ALLE
2020-01-16,127.3294677734375,784700.0,ALLE
2020-01-17,126.87371063232422,975700.0,ALLE
2020-01-21,125.97206115722656,669000.0,ALLE
2020-01-22,128.26083374023438,786300.0,ALLE
2020-01-23,128.6076202392578,729200.0,ALLE
2020-01-24,126.82416534423828,682100.0,ALLE
2020-01-27,126.4971923828125,675300.0,ALLE
2020-01-28,128.25094604492188,380800.0,ALLE
2020-01-29,129.61825561523438,555200.0,ALLE
2020-01-30,129.45973205566406,524200.0,ALLE
2020-01-31,128.1320343017578,607400.0,ALLE
2020-02-03,130.9657440185547,722300.0,ALLE
2020-02-04,134.007568359375,641000.0,ALLE
2020-02-05,132.0556640625,765000.0,ALLE
2020-02-06,131.19366455078125,649900.0,ALLE
2020-02-07,132.8086700439453,782600.0,ALLE
2020-02-10,135.12718200683594,631300.0,ALLE
2020-02-11,136.62332153320312,460600.0,ALLE
2020-02-12,137.2970733642578,604300.0,ALLE
2020-02-13,135.57305908203125,808800.0,ALLE
2020-02-14,137.6240234375,748100.0,ALLE
2020-02-18,133.125732421875,1034900.0,ALLE
2020-02-19,129.95513916015625,766700.0,ALLE
2020-02-20,128.65716552734375,1245900.0,ALLE
2020-02-21,127.39883422851562,638700.0,ALLE
2020-02-24,125.78380584716797,677100.0,ALLE
2020-02-25,122.86090850830078,782900.0,ALLE
2020-02-26,122.52403259277344,809900.0,ALLE
2020-02-27,117.09436798095703,1206900.0,ALLE
2020-02-28,113.93367004394531,1246500.0,ALLE
2020-03-02,119.74974822998047,912700.0,ALLE
2020-03-03,118.24372100830078,848900.0,ALLE
2020-03-04,123.20769500732422,772600.0,ALLE
2020-03-05,121.5233154296875,961500.0,ALLE
2020-03-06,118.69949340820312,970100.0,ALLE
2020-03-09,113.94358825683594,1126900.0,ALLE
2020-03-10,117.30244445800781,1277700.0,ALLE
2020-03-11,113.72560119628906,1220100.0,ALLE
2020-03-12,102.44023895263672,1598800.0,ALLE
2020-03-13,110.78288269042969,1081300.0,ALLE
2020-03-16,97.09028625488281,1040000.0,ALLE
2020-03-17,101.94927215576172,1290300.0,ALLE
2020-03-18,96.06681060791016,1547200.0,ALLE
2020-03-19,93.56280517578125,1280900.0,ALLE
2020-03-20,82.31459045410156,1202700.0,ALLE
2020-03-23,78.10148620605469,1262400.0,ALLE
2020-03-24,84.38140106201172,948200.0,ALLE
2020-03-25,88.88267517089844,830700.0,ALLE
2020-03-26,96.16618347167969,745400.0,ALLE
2020-03-27,91.03890991210938,764300.0,ALLE
2020-03-30,94.40740966796875,849700.0,ALLE
2020-03-31,91.43637084960938,1142700.0,ALLE
2020-04-01,84.0534896850586,1061000.0,ALLE
2020-04-02,83.88457489013672,1059200.0,ALLE
2020-04-03,83.5069808959961,830700.0,ALLE
2020-04-06,93.89070129394531,843300.0,ALLE
2020-04-07,92.1617431640625,1064500.0,ALLE
2020-04-08,94.04969787597656,856100.0,ALLE
2020-04-09,94.75518798828125,816700.0,ALLE
2020-04-13,95.16258239746094,816500.0,ALLE
2020-04-14,97.2989501953125,615100.0,ALLE
2020-04-15,93.86090087890625,623600.0,ALLE
2020-04-16,93.38394165039062,754900.0,ALLE
2020-04-17,97.01078796386719,767500.0,ALLE
2020-04-20,93.35413360595703,571500.0,ALLE
2020-04-21,90.18436431884766,603300.0,ALLE
2020-04-22,92.3803482055664,699900.0,ALLE
2020-04-23,94.52664184570312,1311100.0,ALLE
2020-04-24,95.95751953125,691500.0,ALLE
2020-04-27,98.44165802001953,717700.0,ALLE
2020-04-28,100.9754867553711,564400.0,ALLE
2020-04-29,101.7107925415039,810200.0,ALLE
2020-04-30,99.90233612060547,1215200.0,ALLE
2020-05-01,96.86174774169922,705900.0,ALLE
2020-05-04,94.15899658203125,666600.0,ALLE
2020-05-05,96.12643432617188,751900.0,ALLE
2020-05-06,97.3685073852539,838900.0,ALLE
2020-05-07,99.50486755371094,908800.0,ALLE
2020-05-08,101.6213607788086,409900.0,ALLE
2020-05-11,101.03511047363281,530400.0,ALLE
2020-05-12,99.08753204345703,538700.0,ALLE
2020-05-13,93.06597137451172,908700.0,ALLE
2020-05-14,92.9765396118164,1442700.0,ALLE
2020-05-15,92.35054016113281,766100.0,ALLE
2020-05-18,95.27188873291016,726800.0,ALLE
2020-05-19,93.65222930908203,712900.0,ALLE
2020-05-20,96.72262573242188,814700.0,ALLE
2020-05-21,93.40381622314453,972800.0,ALLE
2020-05-22,93.69197082519531,497600.0,ALLE
2020-05-26,97.02072143554688,746100.0,ALLE
2020-05-27,98.40190887451172,853600.0,ALLE
2020-05-28,99.27633666992188,645400.0,ALLE
2020-05-29,99.06766510009766,917200.0,ALLE
2020-06-01,100.01164245605469,480400.0,ALLE
2020-06-02,99.37570190429688,664100.0,ALLE
2020-06-03,104.3738021850586,714800.0,ALLE
2020-06-04,105.4171371459961,774900.0,ALLE
2020-06-05,114.61840057373047,1535500.0,ALLE
2020-06-08,114.80719757080078,707900.0,ALLE
2020-06-09,111.57781219482422,612100.0,ALLE
2020-06-10,108.32854461669922,663200.0,ALLE
2020-06-11,100.91586303710938,734400.0,ALLE
2020-06-12,101.76048278808594,732000.0,ALLE
2020-06-15,102.31867218017578,540700.0,ALLE
2020-06-16,104.19259643554688,472600.0,ALLE
2020-06-17,103.91350555419922,481300.0,ALLE
2020-06-18,102.6575698852539,563400.0,ALLE
2020-06-19,102.40837860107422,969000.0,ALLE
2020-06-22,102.3685073852539,709800.0,ALLE
2020-06-23,102.32864379882812,466700.0,ALLE
2020-06-24,97.51422882080078,560200.0,ALLE
2020-06-25,97.68367767333984,716200.0,ALLE
2020-06-26,96.73674774169922,837500.0,ALLE
2020-06-29,99.46790313720703,515200.0,ALLE
2020-06-30,101.89006042480469,805900.0,ALLE
2020-07-01,101.56111907958984,804500.0,ALLE
2020-07-02,102.05950927734375,453000.0,ALLE
2020-07-06,103.63440704345703,397800.0,ALLE
2020-07-07,101.72061157226562,514800.0,ALLE
2020-07-08,102.15918731689453,700000.0,ALLE
2020-07-09,100.20551300048828,473700.0,ALLE
2020-07-10,101.1823501586914,436600.0,ALLE
2020-07-13,101.42157745361328,499900.0,ALLE
2020-07-14,103.90353393554688,548900.0,ALLE
2020-07-15,106.45527648925781,722900.0,ALLE
2020-07-16,107.06330871582031,586100.0,ALLE
2020-07-17,106.50511169433594,750300.0,ALLE
2020-07-20,107.18291473388672,635500.0,ALLE
2020-07-21,109.46552276611328,774300.0,ALLE
2020-07-22,111.23977661132812,1117100.0,ALLE
2020-07-23,102.22895812988281,1622500.0,ALLE
2020-07-24,100.69392395019531,873700.0,ALLE
2020-07-27,101.06273651123047,732500.0,ALLE
2020-07-28,98.19203186035156,658000.0,ALLE
2020-07-29,97.90296936035156,570900.0,ALLE
2020-07-30,97.2650375366211,721800.0,ALLE
2020-07-31,99.13896179199219,896500.0,ALLE
2020-08-03,100.12577056884766,703500.0,ALLE
2020-08-04,99.0891342163086,700800.0,ALLE
2020-08-05,100.11580657958984,748200.0,ALLE
2020-08-06,98.87979888916016,810500.0,ALLE
2020-08-07,99.786865234375,693000.0,ALLE
2020-08-10,101.98973083496094,449700.0,ALLE
2020-08-11,103.82379913330078,759400.0,ALLE
2020-08-12,103.8337631225586,407000.0,ALLE
2020-08-13,102.3585433959961,453800.0,ALLE
2020-08-14,101.23218536376953,490900.0,ALLE
2020-08-17,101.929931640625,638500.0,ALLE
2020-08-18,100.26531219482422,959000.0,ALLE
2020-08-19,100.38493347167969,565900.0,ALLE
2020-08-20,99.01934814453125,376300.0,ALLE
2020-08-21,99.94635009765625,584800.0,ALLE
2020-08-24,102.56786346435547,522300.0,ALLE
2020-08-25,101.7505111694336,534700.0,ALLE
2020-08-26,102.12928009033203,471300.0,ALLE
2020-08-27,102.9067611694336,591500.0,ALLE
2020-08-28,103.66431427001953,622800.0,ALLE
2020-08-31,103.05628204345703,866900.0,ALLE
2020-09-01,101.77044677734375,593700.0,ALLE
2020-09-02,104.46173095703125,635100.0,ALLE
